company_name,us_ticker_name,local_ticker,index,headline,description,key_takeaways,date,timestamp,breaking_recap,breaking_recap_reasoning,source,reporter,classification,confidence,news_worthy_reasoning,news_worthy_key_factors,news_sentiment,event_category,actionable_intelligence,original_headline,original_language,translated_language,url,job_load_timestamp,pipeline_executed_timestamp,llm_model,main_content,main_content_en,sentiment,sentiment_reasoning
PANASONIC HOLDINGS CORP,PCRHY,6752,TOPIX,"[Analyst Rating] Panasonic H, rating maintained at ""Strong Buy"", target price lowered to 2,400 yen (Major Japanese Securities)","A major Japanese securities firm maintained its ""Buy"" rating on Panasonic Holdings but lowered its target price from 2,500 yen to 2,400 yen. This contrasts with the consensus rating of ""Strong Buy"" (4.83) and a consensus target price of 2,190 yen from 12 analysts as of November 10.","A major Japanese securities firm reiterated a ""Buy"" rating for Panasonic Holdings (6752).;The target price for Panasonic Holdings was reduced from 2,500 yen to 2,400 yen.;The consensus rating from 12 analysts is a ""Strong Buy"" (4.83).;The consensus target price among 12 analysts is 2,190 yen.",11-Nov,18:34,recap,"The article is entirely about analyst ratings and price targets (a firm maintaining a rating, lowering a target price, and providing consensus ratings/targets), which, according to the hard rule, classifies it as RECAP_NEWS.",アイフィス株予報,アイフィスジャパン,INSIGNIFICANT,MEDIUM,"The article reports a specific event: a major securities firm maintained a 'Buy' rating for Panasonic Holdings but lowered its target price. However, it fails to provide any reasoning or analysis from the securities firm for this target price revision. According to the provided criteria, 'Analyst ratings without explaining reasoning' are considered 'INSIGNIFICANT' as they lack the necessary context for truly actionable intelligence. A trader cannot fully assess the implications or make an informed decision without understanding the rationale behind the revised target.","Analyst rating maintained, but target price lowered., No explanation provided for the analyst's decision to lower the target price., Explicit criterion states 'Analyst ratings without explaining reasoning' are insignificant., Lack of underlying rationale limits actionable intelligence for traders.",0,Market Analysis,,"【アナリスト評価】パナソニックＨ、レーティング強気を継続、目標株価2,400円に引下げ（日系大手証券）",ja,en,https://finance.yahoo.co.jp/news/detail/bd80816c28cce3af201dd49c5770ae84eec12afc,2025-11-19T14:44:54.569511,2025-11-19T15:10:33,gemini-2.5-flash,"日系大手証券が11月11日、パナソニック　ホールディングス < 6752 > のレーティングを強気（Buy）に据え置いた。一方、目標株価は2,500円から2,400円に引き下げた。因みに前日（11月10日）時点のレーティングコンセンサスは4.83（アナリスト数12人）で「強気」の水準、目標株価コンセンサスは2,190円（アナリスト数12人）となっている。","A major Japanese securities firm on November 11 maintained its rating on Panasonic Holdings <6752> as ""Buy"". Meanwhile, the target price was lowered from 2,500 yen to 2,400 yen. Incidentally, as of the previous day (November 10), the consensus rating was 4.83 (12 analysts), which is a ""Strong Buy"" level, and the consensus target price was 2,190 yen (12 analysts).",0,
PANASONIC HOLDINGS CORP,PCRHY,6752,TOPIX,"【Analyst Rating】Panasonic H, Maintains bullish rating, Target price raised to 2,100 yen (Major US securities firm)","On November 13, a major US brokerage firm maintained its ""Bullish"" rating on Panasonic Holdings and raised its target price from 2,000 yen to 2,100 yen. This follows a consensus rating of 4.83 (""Bullish"") and a consensus target price of 2,182 yen from 12 analysts as of the previous day.","A major US brokerage firm maintained a ""Bullish"" (1 (Buy)) rating on Panasonic Holdings.;The target price for Panasonic Holdings was raised from 2,000 yen to 2,100 yen.;The consensus rating from 12 analysts as of November 12 was 4.83, indicating a ""Bullish"" level.;The consensus target price from 12 analysts was 2,182 yen.;Panasonic Holdings' current price was 1,700 yen, down 45 yen.",13-Nov,14:40,recap,"The article is predominantly about an analyst's maintained rating and raised target price, along with consensus ratings, which, according to the hard rule, classifies it as RECAP_NEWS.",アイフィス株予報,アイフィスジャパン,SIGNIFICANT,HIGH,"The article reports that a major US brokerage firm has maintained a 'Bullish' rating on Panasonic Holdings and, crucially, raised its target price. This is a specific, recent, and company-focused event that provides actionable intelligence for traders, as analyst upgrades/target price revisions often influence stock price.","Major US brokerage firm raised target price for Panasonic Holdings, Maintained 'Bullish' rating reinforces positive outlook, Specific and recent event (November 13), Provides a clear potential upside target for investors",0.8,Market Analysis,"Traders might interpret the raised target price and maintained 'Bullish' rating as a positive signal, potentially leading to increased buying activity for Panasonic Holdings, especially if the current price is significantly below the new target.","【アナリスト評価】パナソニックＨ、レーティング強気を継続、目標株価2,100円に引上げ（米系大手証券）",ja,en,https://finance.yahoo.co.jp/news/detail/b1c59e7a7eb8dd8966b97931b715545f2d196193,2025-11-19T14:44:35.795416,2025-11-19T15:10:25,gemini-2.5-flash,"現在値 Ｊディスプ 21 + 1 パナソニク 1,700 -45 シャープ 773 -11.10 ソニーＧ 4,332 -77 カシオ 1,203.5 -11.50 米系大手証券が11月13日、パナソニック　ホールディングス<6752>のレーティングを強気（1(買い)）に据え置いた。一方、目標株価は2,000円から2,100円に引き上げた。因みに前日（11月12日）時点のレーティングコンセンサスは4.83（アナリスト数12人）で「強気」の水準、目標株価コンセンサスは2,182円（アナリスト数12人）となっている。","Current Price: J-Displ 21 + 1, Panasonic 1,700 -45, Sharp 773 -11.10, Sony G 4,332 -77, Casio 1,203.5 -11.50. On November 13, a major US brokerage firm maintained its rating on Panasonic Holdings <6752> as ""Bullish"" (1 (Buy)). Meanwhile, it raised its target price from 2,000 yen to 2,100 yen. Incidentally, as of the previous day (November 12), the consensus rating was 4.83 (12 analysts), indicating a ""Bullish"" level, and the consensus target price was 2,182 yen (12 analysts).",0,
PANASONIC HOLDINGS CORP,PCRHY,6752,TOPIX,"【Analyst Forecast】Panasonic H, FY26 March ordinary profit forecast. Down 1.4% from previous week.","Panasonic Holdings' ordinary profit forecast consensus recently decreased by 1.4% to 382,494 million yen, revising the estimated profit decrease from the previous year to 21.3%. Despite this, the current consensus forecast remains bullish compared to Panasonic's own forecast of 345,000 million yen, with its rating consensus unchanged at 4.8.","Panasonic Holdings' FY2026 ordinary profit forecast consensus decreased by 1.4% from the previous week.;The new consensus forecast stands at 382,494 million yen, down from 388,056 million yen.;This revised forecast represents an estimated 21.3% decrease in profit compared to the previous year's results.;The current analyst consensus is still considered bullish when compared to Panasonic's internal forecast of 345,000 million yen.;The overall rating consensus for Panasonic Holdings remains unchanged at 4.8.",13-Nov,22:46,recap,"The article is primarily about changes in analyst profit forecast consensus and the stability of the rating consensus, which falls under the hard rule for RECAP_NEWS concerning analyst ratings and recommendations.",アイフィス株予報,アイフィスジャパン,SIGNIFICANT,HIGH,"The article reports a recent downward revision (1.4% from the previous week) in Panasonic Holdings' FY2026 ordinary profit forecast by analysts. This specific, negative adjustment to future earnings expectations provides actionable intelligence for traders, as it could influence investor sentiment and stock price in the near term.","Downward revision of FY2026 ordinary profit forecast, Specific percentage change (1.4% from previous week), Directly impacts future earnings expectations, Company-specific and timely financial data",-0.3,Market Analysis,"Traders might interpret the downward revision in analyst profit forecasts as a negative signal, potentially leading to a short-term bearish sentiment or a re-evaluation of existing positions.",【アナリスト予想】パナソニックＨ、26年3月期経常予想。対前週1.4%下降。,ja,en,https://finance.yahoo.co.jp/news/detail/93729632d8f5ce31d5fbc5b5775a227d323ab6cd,2025-11-19T14:44:20.646991,2025-11-19T15:10:17,gemini-2.5-flash,"パナソニック　ホールディングス<6752>の経常利益予想コンセンサスは、前週値の388,056百万円から1.4%下落し、382,494百万円となった。対前年実績で見た場合20.2%の減益予想から21.3%減益予想に下方修正された。会社予想値345,000百万円と比較すると、現在のコンセンサス予想は強気の見方となっている。因みにレーティングコンセンサスは4.8で変わらずのまま。","The ordinary profit forecast consensus for Panasonic Holdings <6752> fell 1.4% from the previous week's value of 388,056 million yen to 382,494 million yen. When compared to the previous year's results, the forecast was revised downward from an estimated 20.2% decrease in profit to an estimated 21.3% decrease in profit. Compared to the company's forecast of 345,000 million yen, the current consensus forecast is bullish. Incidentally, the rating consensus remains unchanged at 4.8.",0,
PANASONIC HOLDINGS CORP,PCRHY,6752,TOPIX,"Panasonic HD－Afternoon session decline narrows, Sells housing equipment subsidiary to YKK, Accelerates structural reform = Nikkei","Panasonic Holdings is selling its wholly-owned subsidiary, Panasonic Housing Solutions, to YKK as part of a business structural reform aimed at accelerating its transition to a lean management structure. Following this report, the company's stock decline narrowed in the afternoon session.","Panasonic Holdings is selling its housing equipment subsidiary, Panasonic Housing Solutions, to YKK.;The sale is a key component of Panasonic's business structural reform, focusing on divesting unprofitable businesses.;The company aims to accelerate its transition to a lean management structure, with reforms seriously underway since 2025.;Panasonic's stock decline narrowed in the afternoon session following the news.;The official announcement of the sale is expected on the afternoon of November 17th.",17-Nov,13:05,breaking,"The article reports a newly disclosed event (the sale of a subsidiary) based on a recent report from the 17th and states that an official announcement is expected on the same day, clearly indicating new information.",トレーダーズ・ウェブ,河賀,SIGNIFICANT,HIGH,"The article reports a concrete, recent corporate action by Panasonic Holdings: the sale of a wholly-owned, unprofitable subsidiary. This divestiture is part of a broader business structural reform aimed at achieving a lean management structure, which is a material event that can impact the company's financial performance and stock valuation. The immediate market reaction (narrowing stock decline) further underscores its significance.","Divestiture of a wholly-owned subsidiary (Panasonic Housing Solutions), Sale is part of a broader business structural reform to shed unprofitable assets, Aims to accelerate transition to a lean management structure, Immediate, positive market reaction (stock decline narrowed)",0.6,Corporate Strategy,"Traders could interpret the divestiture of an unprofitable segment as a positive strategic move to improve Panasonic's financial health and operational efficiency. This could lead to a re-evaluation of the company's stock, potentially influencing buy decisions based on the perceived long-term benefits of the restructuring and focus on core profitable businesses.",パナソニックＨＤ－後場下げ幅縮小　住宅設備子会社をＹＫＫに売却　構造改革を加速＝日経,ja,en,https://finance.yahoo.co.jp/news/detail/95d0fbd5cf5edd2b534aec12ca9b722ec957407b,2025-11-19T14:44:06.801998,2025-11-19T15:10:08,gemini-2.5-flash,"パナソニックＨＤ－後場下げ幅縮小　住宅設備子会社をＹＫＫに売却　構造改革を加速＝日経 11/17 13:05 配信 現在値 パナソニク 1,700 -45 パナソニックホールディングス < 6752 > が後場下げ幅縮小。日本経済新聞電子版は17日12時29分に、同社が住宅設備を手掛ける完全子会社、パナソニックハウジングソリューションズをＹＫＫに売却すると報じた。 記事によれば、2025年から本格的に進めている事業構造改革の一環で、収益性の低い事業を売却し筋肉質な経営体制への移行を加速させるという。17日午後に発表するとしている。","Panasonic HD - Decline Narrows in Afternoon Session; Sells Housing Equipment Subsidiary to YKK; Accelerates Structural Reform = Nikkei. Distributed 11/17 13:05. Current price Panasonic 1,700 -45. Panasonic Holdings <6752> saw its decline narrow in the afternoon session. The Nikkei Shimbun Digital Edition reported at 12:29 PM on the 17th that the company will sell Panasonic Housing Solutions, a wholly-owned subsidiary that handles housing equipment, to YKK. According to the article, this is part of a business structural reform that has been seriously underway since 2025, aiming to accelerate the transition to a lean management structure by selling off unprofitable businesses. The announcement is expected to be made on the afternoon of the 17th.",0,
PANASONIC HOLDINGS CORP,PCRHY,6752,TOPIX,"Afternoon Session Comment No.2 ORO, Panasonic H, Olympus, Schoo, PRISMBio, Sharing T","Panasonic Holdings narrowed its losses in afternoon trading following reports that it plans to sell its housing equipment subsidiary, Panasonic Housing Solutions, to YKK. This sale is part of the company's business structural reforms aimed at accelerating its transition to a lean management structure by divesting less profitable businesses.","Ororo plunged after revising its full-year operating profit forecast for December 2025 downward by 7.2% year-on-year, citing advertising budget cuts and sluggish new contract acquisitions.;Panasonic HD narrowed losses by announcing the sale of its housing equipment subsidiary, Panasonic Housing Solutions, to YKK as part of its ongoing structural reforms.;PRISM BioLab surged after achieving the first milestone in its drug discovery collaboration with Ono Pharmaceutical, securing an upfront payment and joint research expenses estimated to be 80% of its fiscal year 2026 sales.;Schoo hit a limit down following its forecast of an 8.3% decline in operating profit for the full fiscal year ending September 2026, despite plans for strategic growth investments.;Sharing Technology surged, forecasting a 13.3% increase in consolidated operating profit for the full fiscal year ending August 2026 and raising its annual dividend forecast to 55 yen.",17-Nov,15:31,breaking,"The article reports a newly announced event, the sale of a subsidiary, with explicit time cues indicating it is happening or being announced today ('in afternoon trading', 'on the 17th').",トレーダーズ・ウェブ,畑尾,SIGNIFICANT,HIGH,"The article reports a specific, recent, and actionable event concerning Panasonic Holdings: the sale of a low-profitability housing equipment subsidiary as part of accelerating structural reforms. This corporate restructuring move is aimed at achieving leaner management and improving profitability, which is material information for traders. Although it's part of a multi-company commentary, the information regarding Panasonic is concrete, timely, and directly impacts the company's strategic direction and potential financial performance.","Divestiture of a subsidiary (Panasonic Housing Solutions), Strategic move to accelerate structural reforms and achieve leaner management, Sale targets a 'low-profitability' business, suggesting potential for improved overall financial health, News is extremely timely, reported by Nikkei and expected to be announced on the same day",0.6,Market Analysis,"Traders could interpret the divestiture of a low-profitability business as a positive step towards improving Panasonic's financial efficiency and strategic focus. This could lead to a re-evaluation of the company's stock, potentially influencing buy decisions or adjustments to price targets, especially given the reported market reaction of the stock narrowing its decline.",後場コメント No.2　オロ、パナソニックＨ、オリンパス、Ｓｃｈｏｏ、ＰＲＩＳＭＢｉｏ、シェアリングＴ,ja,en,https://finance.yahoo.co.jp/news/detail/e80f88dd8da969987dada7b52026f78396f21414,2025-11-19T14:43:52.027166,2025-11-19T15:10:00,gemini-2.5-flash,オロ－急落 通期営業益を下方修正 一転減益へ 3Q累計は7％減 オロ が急落。同社は14日、25.12期通期の連結営業利益予想を従来の29.9億円（前期比9.7％増）から25.2億円（同7.2％減）に下方修正すると発表した。 主要クライアントにおける広告宣伝費予算削減の影響について、下期からは状況が改善する想定をしていたが、想定通りの回復が見られていない。クラウドソリューション事業において新規契約獲得社数が計画を下回っていることや、中型案件の獲得が伸び悩んでいることなども響く。 25.12期3Q累計（1-9月）の連結営業利益は18.6億円（前年同期比6.7％減）だった。 パナソニックＨＤ－後場下げ幅縮小 住宅設備子会社をＹＫＫに売却 構造改革を加速＝日経 パナソニックホールディングス が後場下げ幅縮小。日本経済新聞電子版は17日12時29分に、同社が住宅設備を手掛ける完全子会社、パナソニックハウジングソリューションズをＹＫＫに売却すると報じた。 記事によれば、2025年から本格的に進めている事業構造改革の一環で、収益性の低い事業を売却し筋肉質な経営体制への移行を加速させるという。17日午後に発表するとしている。 オリンパス－ＳＭＢＣ日興が目標株価引き上げ 組織再編効果など期待しつつも競合リスク増大 オリンパス が反落。ＳＭＢＣ日興では、組織再編効果、一過性要因はく落を期待しつつも競合リスクは増大と指摘。投資評価は「2（中立）」を継続し、目標株価を1700円→2000円に引き上げた。 ＳＭＢＣ日興では、26.3期はFDA査察の進ちょく、27.3期にかけては一過性要因のはく落、人員削減効果の期待から、短期的には堅調な株価モメンタムで推移しやすいとみている。一方で、先進国では富士フイルムとの競合激化、新興国では中国、インドの現地メーカーの台頭が来期以降、本格化すると想定。次世代モデルの投入は29.3期以降と目され、中長期のリスク要因への対応力を見極める局面だと考えている。 Ｓｃｈｏｏ－ストップ安売り気配 今期営業益8％減見込む 前期は2.5倍 Ｓｃｈｏｏ がストップ安売り気配。同社は14日、26.9期通期の営業利益予想を2.7億円（前期比8.3％減）にすると発表した。法人事業の成長性・効率性改善を継続しつつ、HRビジネス領域進出への戦略的成長投資を実施する計画。 25.9期通期の営業利益は2.9億円（前の期比2.5倍）だった。主力サービスである「Schoo for Business」を中心に大企業への導入拡大に注力した結果、顧客単価（ARPA）の向上を伴いながら売上高が堅調に推移した。 プリズムバイオラボ－急騰 小野薬品との創薬提携における初回マイルストン達成 一時金受領 ＰＲＩＳＭ ＢｉｏＬａｂ が急騰。同社は14日、小野薬品工業 との創薬提携において初回マイルストンを達成し、一時金を受領することが確定したと発表した。 両社は、2024年4月25日付けで、ガン領域における創薬に関する「共同研究およびライセンス契約」を締結。同契約により、同社は契約一時金および共同研究費を受領し、同社のタンパク質／タンパク質間相互作用（Protein-Protein Interaction，PPI）を標的とした同社独自の低分子によるペプチド模倣技術「PepMetics技術」を用いて、小野薬品が提案する創薬標的に対して両社共同で臨床候補化合物を創製する共同研究プロジェクトを展開しているという。 同プロジェクトは両社の協業の下で計画どおりに進ちょくし、あらかじめ同契約で定められた創薬研究段階でのマイルストンを達成したことから、小野薬品よりマイルストン達成一時金および共同研究費を受領することが確定したという。まず、同件により受領する一時金を、26.9期1Qの事業収益として計上し、共同研究費を、次段階の共同研究期間に応じて按分して計上する。具体的な金額については契約上非開示とするが、一時金および共同研究費の総額は、同社26.9期における売上高の80％に相当する規模となるとした。 プリズムバイオラボ－急騰 前期は営業赤字縮小 売上高は2.2倍 ＰＲＩＳＭ ＢｉｏＬａｂ が急騰。同社は14日、25.9期の営業損益は7.7億円の赤字（前の期は7.8億円の赤字）だったと発表した。売上高は同6.8億円（前の期比2.2倍）だった。 今期の業績予想は、現時点で合理的な業績予想の算定ができないことから、非開示とした。 なお、同日の小野薬品工業 との創薬提携における初回マイルストン達成ならびに一時金受領についての発表も好感されている。 シェアリングテクノロジー－急騰 今期営業益13％増見込む 前期は16％増 シェアリングテクノロジー が急騰。同社は14日、26.8期通期の連結営業利益（IFRS）予想を23.5億円（前期比13.3％増）に、年間配当予想を55円（前期は45円）にすると発表した。 売上収益は、ポータルサイト「生活110番」および各ジャンルに特化したバーティカルメディアサイトの運営強化などによる問い合わせ件数の増加と各加盟店との協力強化、マッチングの最適化による問い合わせあたり単価の向上に加え、アズサポートを含めたグループ会社のさらなるジャンルおよびエリア拡大により、増収を見込む。増収に伴い増加する費用は現状の対売上総利益比を維持することにより、増益を見込むとしている。 25.9期通期の連結営業利益は20.7億円（前の期比15.9％増）だった。,"Ororo - Plunges: Full-year operating profit revised downward, now expecting a decline; 3Q cumulative down 7%. Ororo plunged. The company announced on the 14th that it has revised its consolidated operating profit forecast for the full fiscal year ending December 2025 downward from the previous 2.99 billion yen (up 9.7% year-on-year) to 2.52 billion yen (down 7.2% year-on-year). Regarding the impact of advertising and promotional budget cuts by major clients, the company had expected the situation to improve from the second half, but recovery has not been as anticipated. The lower-than-planned number of new contract acquisitions in the cloud solutions business and sluggish acquisition of mid-sized projects are also contributing factors. Consolidated operating profit for the cumulative third quarter of the fiscal year ending December 2025 (January-September) was 1.86 billion yen (down 6.7% year-on-year).
Panasonic HD - Narrows losses in afternoon trading: Sells housing equipment subsidiary to YKK, accelerating structural reforms = Nikkei. Panasonic Holdings narrowed its losses in afternoon trading. The Nikkei Shimbun Digital Edition reported at 12:29 PM on the 17th that the company would sell Panasonic Housing Solutions, its wholly-owned subsidiary engaged in housing equipment, to YKK. According to the article, this is part of the business structural reforms that the company has been seriously pursuing since 2025, aiming to accelerate the transition to a lean management structure by selling off less profitable businesses. The announcement is expected in the afternoon of the 17th.
Olympus - SMBC Nikko raises target price: Expects organizational restructuring effects but notes increased competitive risk. Olympus fell back. SMBC Nikko pointed out that while expecting the effects of organizational restructuring and the fading of one-off factors, competitive risk is increasing. The investment rating was maintained at '2 (Neutral),' and the target price was raised from 1,700 yen to 2,000 yen. SMBC Nikko believes that in the short term, the stock price is likely to maintain a solid momentum due to progress in FDA inspections in the fiscal year ending March 2026, the fading of one-off factors, and expectations of personnel reduction effects towards the fiscal year ending March 2027. On the other hand, it is assumed that competition with Fujifilm will intensify in developed countries, and the rise of local manufacturers in China and India will become full-fledged from the next fiscal year onwards in emerging countries. The introduction of next-generation models is expected from the fiscal year ending March 2029 onwards, and SMBC Nikko believes this is a phase to assess the company's ability to respond to medium- to long-term risk factors.
Schoo - Limit down, bid-only: Forecasts 8% decline in current fiscal year operating profit; previous year was 2.5 times. Schoo hit a limit down, bid-only. The company announced on the 14th that it forecasts an operating profit of 270 million yen (down 8.3% year-on-year) for the full fiscal year ending September 2026. The plan is to continue improving the growth and efficiency of its corporate business while making strategic growth investments to expand into the HR business domain. Operating profit for the full fiscal year ending September 2025 was 290 million yen (2.5 times the previous fiscal year). As a result of focusing on expanding adoption by large corporations, primarily through its main service 'Schoo for Business,' sales grew steadily, accompanied by an improvement in average revenue per account (ARPA).
PRISM BioLab - Surges: Achieves first milestone in drug discovery collaboration with Ono Pharmaceutical, receives upfront payment. PRISM BioLab surged. The company announced on the 14th that it has achieved the first milestone in its drug discovery collaboration with Ono Pharmaceutical Co., Ltd., and confirmed that it will receive an upfront payment. The two companies concluded a 'Joint Research and License Agreement' concerning drug discovery in the oncology field, effective April 25, 2024. Under this agreement, the company receives an upfront payment and joint research expenses, and is conducting a joint research project to create clinical candidate compounds for drug discovery targets proposed by Ono Pharmaceutical, using the company's proprietary small molecule peptide mimetic technology, 'PepMetics technology,' which targets protein-protein interactions (PPI). The project has progressed as planned under the collaboration of both companies, and having achieved the drug discovery research stage milestone stipulated in the agreement, it has been confirmed that the company will receive a milestone achievement upfront payment and joint research expenses from Ono Pharmaceutical. First, the upfront payment received from this matter will be recorded as business revenue in the first quarter of the fiscal year ending September 2026, and the joint research expenses will be recorded proportionally according to the next stage of the joint research period. While the specific amounts are undisclosed due to contractual obligations, the total amount of the upfront payment and joint research expenses is expected to be equivalent to 80% of the company's sales for the fiscal year ending September 2026.
PRISM BioLab - Surges: Operating loss narrowed in previous fiscal year, sales 2.2 times. PRISM BioLab surged. The company announced on the 14th that its operating loss for the fiscal year ending September 2025 was 770 million yen (compared to a loss of 780 million yen in the previous fiscal year). Sales were 680 million yen (2.2 times the previous fiscal year). The performance forecast for the current fiscal year is undisclosed as a reasonable forecast cannot be calculated at this time. Furthermore, the announcement on the same day regarding the achievement of the first milestone and receipt of an upfront payment in the drug discovery collaboration with Ono Pharmaceutical Co., Ltd. is also being well-received.
Sharing Technology - Surges: Forecasts 13% increase in current fiscal year operating profit; previous year was 16% increase. Sharing Technology surged. The company announced on the 14th that it forecasts consolidated operating profit (IFRS) for the full fiscal year ending August 2026 to be 2.35 billion yen (up 13.3% year-on-year) and its annual dividend forecast to be 55 yen (compared to 45 yen in the previous fiscal year). Revenue is expected to increase due to an increase in inquiries resulting from strengthened operations of the portal site 'Seikatsu 110-ban' and vertical media sites specialized in various genres, enhanced cooperation with member stores, and an improvement in unit price per inquiry through optimized matching, as well as further expansion of genres and areas by group companies, including As Support. The company expects profit to increase by maintaining the current ratio of expenses to gross profit despite the increase in expenses accompanying the revenue growth. Consolidated operating profit for the full fiscal year ending September 2025 was 2.07 billion yen (up 15.9% year-on-year).",0,
PANASONIC HOLDINGS CORP,PCRHY,6752,TOPIX,"Morning session comment No.3 FURUHASHI EPO, ASAHI INTECC, Panasonic H, Finatext, Open House, Sumitomo Mining",Panasonic Holdings announced it will sell its wholly-owned Panasonic Housing Solutions business to YKK through a share transfer agreement. This move aims to form a strategic partnership with YKK AP to become a leading company in the building materials and housing equipment industry.,"Furuhashi EPO plans an off-exchange distribution of 300,000 shares to enhance stock liquidity and shareholder benefits.;Asahi Intecc's target price was raised by Tokai Tokyo due to yen depreciation against major currencies and strong sales growth in guidewires.;Panasonic Holdings is selling its housing equipment business, Panasonic Housing Solutions, to YKK, forming a strategic partnership to lead the building materials industry.;Finatext and Open House received upgraded investment ratings and increased target prices from SBI Securities and Daiwa Securities, respectively, driven by robust earnings and positive guidance.;Sumitomo Metal Mining aims to double the pre-tax profit of its functional materials division to over 10 billion yen by FY2027, capitalizing on demand from generative AI and EVs.",18-Nov,11:30,recap,"The article is a compilation of multiple news snippets, and a significant portion (3 out of 6 distinct items) explicitly details analyst ratings, target price changes, and investment rating upgrades, which, according to the hard rule, classifies the entire article as RECAP_NEWS.",トレーダーズ・ウェブ,畑尾,INSIGNIFICANT,HIGH,"The article is a multi-company summary, covering Panasonic Holdings alongside several other Japanese firms. While it mentions a significant event for Panasonic (the sale of its housing equipment business), the information is brief and diluted by other company news, making it 'Too Noisy' and not primarily dedicated to Panasonic for actionable trading intelligence.","Multi-company consolidation article, Brief mention of Panasonic's news, diluted by other company updates, Not primarily dedicated to PANASONIC HOLDINGS CORP, Acts as a summary of various market comments rather than a deep dive into one company",0.6,Market Analysis,,前場コメント No.3　フルハシＥＰＯ、アサヒインテック、パナソニックＨ、Ｆｉｎａｔｅｘｔ、オープンハウス、住友鉱,ja,en,https://finance.yahoo.co.jp/news/detail/658bd81b0314090a38bd993ac61d0b0965cc35a3,2025-11-19T14:43:02.461404,2025-11-19T15:09:42,gemini-2.5-flash,"現在値 オプンＨＧ 8,669 -16 Ｆｉｎａｔ 1,040 + 18 パナソニク 1,700 -45 朝日インテ 2,714.5 -3 フルハシＥ 1,275 -7 ★9:07 フルハシＥＰＯ－7日ぶり反落 30万株の立会外分売を実施へ フルハシＥＰＯ < 9221 > が7日ぶり反落。同社は17日、30万株の立会外分売を実施すると発表した。分売予定期間は11月25日～27日。株式の流動性の向上および株式の分布状況の改善を図るとともに、より多くの株主に株主優待の獲得機会を提供するために行うものとしている。 ★9:07 朝日インテック－東海東京が目標株価を引き上げ 主要販売先での円安進行などを考慮 朝日インテック < 7747 > が堅調。東海東京インテリジェンス・ラボでは、主要販売先での円安進行などを考慮。レーティングは「Outperform」を継続し、目標株価は3700円→3800円に引き上げた。 東海東京では、主要販売先国通貨の円安進行から今後の為替前提を変更（米ドル：145円→150円、ユーロ：170円→175円、人民元：20円→21円）し、業績予想を引き上げた。循環器系PCI（経皮的冠動脈形成術）ガイドワイヤー、非循環器系ガイドワイヤーそれぞれの販売増で高利益成長が続くと考えている。 ★9:07 パナソニックＨＤ－底堅い ＹＫＫに住設事業を売却 パナソニックホールディングス < 6752 > が底堅い。同社は17日、ＹＫＫ（東京都千代田区）と、同社が100％の株式を保有するパナソニック ハウジングソリューションズ（以下、ＰＨＳ）に関する株式譲渡契約を締結したと発表した。 同契約により、ＹＫＫグループの建材事業を担うＹＫＫ ＡＰと、パナソニックグループの住設機器・建材事業を担うＰＨＳが戦略的パートナーシップを構築し、両社の強みを融合することで、建築資材・住宅設備業界の未来をけん引するリーディングカンパニーをめざすという。同株式譲渡契約締結後、2026年3月末に譲渡手続きが完了し、2026年4月より新体制での事業を開始する予定としている。 ★9:08 Ｆｉｎａｔｅｘｔ－ＳＢＩが投資判断引き上げ 業績と逆行し株価が下落 Ｆｉｎａｔｅｘｔホールディングス < 4419 > が買い気配。ＳＢＩ証券では、業績と逆行し株価が下落したため、投資判断を「中立」→「買い」に引き上げるとともに、目標株価を1600円→1900円と引き上げた。 ＳＢＩでは、1Qも2Qも前年の伸び率が相当高かったなかでさらに一段伸長したのは好印象と指摘。またこの他、2Qおよび3Q（10月）に三菱ＵＦＪモルガン・スタンレー証券向けに証券インフラBaaSの導入があり、これも好印象とし、下期もけん引役となることを期待している。 上記などを踏まえＳＢＩ業績予想を修正し、目標株価を引き上げている。また現値との乖離率を鑑み投資判断も「買い」へ引き上げている。 ★9:08 オープンハウス－大和が目標株価を引き上げ 想定以上の増益ガイダンス、自己株式取得を評価 オープンハウスグループ < 3288 > が続伸。大和証券では、想定以上の増益ガイダンス、自己株式取得を評価。投資判断は「2（アウトパフォーム）」を継続し、目標株価は7900円→9200円に引き上げた。 大和では、25/9期決算の着地は大和予想に若干未達だが、会社計画はマンションが大幅に伸長により想定以上の増益幅となっていると指摘。総還元性向40％以上の方針に基づき、配当に加えて自己株式取得を明らかにしており、ガイダンスと合わせてポジティブな印象という。営業利益で26/9期は1750億円（YoY+19.9%、会社計画1700億円）、27/9期は1870億円（同+6.9%）と予想している。 ★9:09 住友金属鉱山－3日続落 新材料の利益2倍に 27年度 通信や半導体向け＝日経 住友金属鉱山 < 5713 > が3日続落。18日付の日本経済新聞朝刊は、同社が17日の経営戦略説明会で、機能性材料部門の税引き前利益を2027年度に25年度比2倍の100億円以上に伸ばす方針を示したと報じた。 記事によると、生成AIやEV向けで需要を見込むという。稼ぎ頭の鉱山が銅や金の価格高で好調なうちに、成長事業の基盤を固める。松本伸弘社長らが示した計画では、材料事業のなかでも特に機能性材料の部門に重きを置いたとしている。 なお、株価への好影響は限定的となっている。 畑尾","Current Price: Open HG 8,669 -16 Finatext 1,040 +18 Panasonic 1,700 -45 Asahi Intecc 2,714.5 -3 Furuhashi E 1,275 -7
★9:07 Furuhashi EPO - Falls back after 7 days; To conduct off-exchange distribution of 300,000 shares
Furuhashi EPO <9221> fell back for the first time in 7 trading days. The company announced on the 17th that it would conduct an off-exchange distribution of 300,000 shares. The planned distribution period is November 25-27. This is intended to improve stock liquidity and the distribution of shares, as well as to provide more shareholders with the opportunity to receive shareholder benefits.
★9:07 Asahi Intecc - Tokai Tokyo raises target price, considering yen depreciation in major sales destinations
Asahi Intecc <7747> is firm. Tokai Tokyo Intelligence Lab considered the depreciation of the yen in major sales destinations. The rating was maintained at ""Outperform,"" and the target price was raised from 3,700 yen to 3,800 yen.
Tokai Tokyo revised its future exchange rate assumptions due to the depreciation of the yen against major sales destination currencies (US dollar: 145 yen → 150 yen, Euro: 170 yen → 175 yen, Chinese Yuan: 20 yen → 21 yen) and raised its earnings forecast. It believes that high profit growth will continue with increased sales of cardiovascular PCI (Percutaneous Coronary Intervention) guidewires and non-cardiovascular guidewires.
★9:07 Panasonic HD - Firm; Sells housing equipment business to YKK
Panasonic Holdings <6752> is firm. The company announced on the 17th that it has concluded a share transfer agreement with YKK (Chiyoda-ku, Tokyo) regarding Panasonic Housing Solutions (hereinafter, PHS), a company in which it holds 100% of the shares.
Through this agreement, YKK AP, which is responsible for the YKK Group's building materials business, and PHS, which is responsible for the Panasonic Group's housing equipment and building materials business, will form a strategic partnership. By combining the strengths of both companies, they aim to become a leading company that drives the future of the building materials and housing equipment industry. After the conclusion of this share transfer agreement, the transfer procedures are expected to be completed by the end of March 2026, and business under the new structure is scheduled to commence in April 2026.
★9:08 Finatext - SBI raises investment rating; Stock price falls contrary to earnings
Finatext Holdings <4419> is bid up. SBI Securities raised its investment rating from ""Neutral"" to ""Buy"" and its target price from 1,600 yen to 1,900 yen, as the stock price fell contrary to earnings.
SBI noted that it was a positive impression that both Q1 and Q2 showed further growth despite the significantly high growth rates in the previous year. In addition, the introduction of Securities Infrastructure BaaS for Mitsubishi UFJ Morgan Stanley Securities in Q2 and Q3 (October) was also a positive impression, and it is expected to be a driving force in the second half of the fiscal year.
Based on the above, SBI revised its earnings forecast and raised its target price. Furthermore, considering the divergence from the current price, the investment rating was also raised to ""Buy.""
★9:08 Open House - Daiwa raises target price; Evaluates higher-than-expected profit guidance and share buybacks
Open House Group <3288> continued to rise. Daiwa Securities evaluated the higher-than-expected profit guidance and share buybacks. The investment rating was maintained at ""2 (Outperform),"" and the target price was raised from 7,900 yen to 9,200 yen.
Daiwa noted that while the FY25/9 results were slightly below Daiwa's forecast, the company's plan showed a higher-than-expected increase in profit due to significant growth in condominiums. Based on the policy of a total return ratio of 40% or more, the company has disclosed share buybacks in addition to dividends, which, combined with the guidance, gives a positive impression. Operating profit is forecast to be 175 billion yen for FY26/9 (YoY +19.9%, company plan 170 billion yen) and 187 billion yen for FY27/9 (YoY +6.9%).
★9:09 Sumitomo Metal Mining - Falls for 3 consecutive days; New materials profit to double by FY27 for communications and semiconductors = Nikkei
Sumitomo Metal Mining <5713> fell for the third consecutive day. The Nikkei Shimbun morning edition dated the 18th reported that the company announced at its management strategy briefing on the 17th a policy to double the pre-tax profit of its functional materials division to over 10 billion yen in FY2027 compared to FY2025.
According to the article, demand is expected for generative AI and EVs. While its main revenue-generating mines are performing well due to high copper and gold prices, the company aims to solidify the foundation of its growth businesses. The plan presented by President Nobuhiro Matsumoto and others emphasizes the functional materials division within the materials business.
However, the positive impact on the stock price has been limited. Hatao",0,
PANASONIC HOLDINGS CORP,PCRHY,6752,TOPIX,"Panasonic HD－Firm, Sells housing equipment business to YKK","PANASONIC HOLDINGS CORP announced a share transfer agreement with YKK for its wholly-owned subsidiary, Panasonic Housing Solutions. This agreement will establish a strategic partnership between YKK AP and PHS, aiming to become a leading company in the building materials and housing equipment industry.","Panasonic Holdings is divesting its entire stake in Panasonic Housing Solutions (PHS) to YKK.;The deal establishes a strategic partnership between YKK AP (YKK Group's building materials arm) and PHS (Panasonic Group's housing equipment and building materials business).;The objective of this integration is to create a dominant player in the building materials and housing equipment sector.;The share transfer is projected to be completed by the end of March 2026, with the new operational structure launching in April 2026.",18-Nov,9:08,breaking,"The article reports a newly announced event regarding Panasonic Holdings concluding a share transfer agreement and forming a strategic partnership, clearly indicating new information.",トレーダーズ・ウェブ,齋藤匠,SIGNIFICANT,HIGH,"The article reports a concrete, recent strategic decision by Panasonic Holdings to divest its 100% stake in Panasonic Housing Solutions. This M&A activity (divestiture) is a significant corporate event that can impact the company's financial structure, strategic focus, and potentially its stock valuation.","Divestiture of a 100% owned subsidiary (M&A activity), Strategic partnership formation with YKK, Specific, recent announcement date, Company-focused and not derivative content",0.6,Corporate Strategy,"Traders could analyze the financial implications of this divestiture (e.g., cash inflow, impact on revenue/profit, focus on core businesses) and adjust their investment thesis or trading strategies for Panasonic Holdings accordingly. This could lead to a re-rating of the stock based on the perceived strategic benefits or costs of the divestiture.",パナソニックＨＤ－底堅い　ＹＫＫに住設事業を売却,ja,en,https://finance.yahoo.co.jp/news/detail/946d5adcf817b653c72f0b155a6f4a5e0bb93d4b,2025-11-19T14:43:15.416373,2025-11-19T15:09:50,gemini-2.5-flash,パナソニックホールディングス<6752>が底堅い。同社は17日、ＹＫＫ（東京都千代田区）と、同社が100％の株式を保有するパナソニック ハウジングソリューションズ（以下、ＰＨＳ）に関する株式譲渡契約を締結したと発表した。同契約により、ＹＫＫグループの建材事業を担うＹＫＫ　ＡＰと、パナソニックグループの住設機器・建材事業を担うＰＨＳが戦略的パートナーシップを構築し、両社の強みを融合することで、建築資材・住宅設備業界の未来をけん引するリーディングカンパニーをめざすという。同株式譲渡契約締結後、2026年3月末に譲渡手続きが完了し、2026年4月より新体制での事業を開始する予定としている。,"Panasonic Holdings <6752> is firm. The company announced on the 17th that it has concluded a share transfer agreement with YKK (Chiyoda-ku, Tokyo) regarding Panasonic Housing Solutions (hereinafter, PHS), a company in which it holds 100% of the shares. Through this agreement, YKK AP, which is responsible for the YKK Group's building materials business, and PHS, which is responsible for the Panasonic Group's housing equipment and building materials business, will form a strategic partnership. By integrating the strengths of both companies, they aim to become a leading company that drives the future of the building materials and housing equipment industry. After the conclusion of this share transfer agreement, the transfer procedures are expected to be completed by the end of March 2026, and operations under the new structure are scheduled to commence from April 2026.",0,
Renesas Electronics Corporation,RNECY,6723,TOPIX,"[Analyst Rating] Renesas Elec, ""Strong Buy"" rating maintained, target price lowered to 2,600 yen (Major Japanese Securities Firm)","On November 19th, a major Japanese securities firm maintained its ""Buy"" rating for Renesas Electronics, though it lowered the target price from 2,700 yen to 2,600 yen. This decision comes as Renesas held a consensus rating of 4.27 (""slightly bullish"") and a consensus target price of 2,323 yen from 11 analysts as of the previous day.","A major Japanese securities firm reiterated a ""Buy"" rating for Renesas Electronics.;The target price for Renesas Electronics was reduced from 2,700 yen to 2,600 yen.;The consensus rating for Renesas Electronics is 4.27 (slightly bullish) based on 11 analysts.;The consensus target price for Renesas Electronics is 2,323 yen, also based on 11 analysts.",19-Nov,18:42,recap,"The article is entirely focused on analyst ratings and target price adjustments, which, according to the hard rule, classifies it as RECAP_NEWS despite mentioning specific dates.",アイフィス株予報,アイフィスジャパン,SIGNIFICANT,HIGH,"The article reports a specific, recent action by a major Japanese securities firm: maintaining a 'Buy' rating but lowering the target price for Renesas Electronics. This adjustment, even with a maintained positive rating, indicates a revised, slightly less optimistic outlook from a significant market participant, which can influence investor sentiment and trading decisions. It is company-specific, timely, and provides concrete figures.","Major securities firm lowered target price for Renesas Electronics., Specific and recent date of the analyst action (November 19th)., Directly impacts Renesas Electronics, not a multi-company report., Provides a revised outlook from a key market player, offering actionable insight.",-0.1,Market Analysis,"Traders might interpret the lowered target price from a major firm as a signal of slightly reduced growth expectations or increased caution, potentially prompting a re-evaluation of their positions or contributing to short-term downward pressure on the stock. It suggests a need to monitor the stock for potential price adjustments based on this revised analyst sentiment.","【アナリスト評価】ルネサスエレ、レーティング強気を継続、目標株価2,600円に引下げ（日系大手証券）",ja,en,https://finance.yahoo.co.jp/news/detail/b5047adc8a34b4985646523dffa6fc1c9712827e,2025-11-21T17:07:52.839218,2025-11-21T17:09:28,gemini-2.5-flash,"日系大手証券が11月19日、ルネサス エレクトロニクス<6723>のレーティングを強気（Buy）に据え置いた。一方、目標株価は2,700円から2,600円に引き下げた。因みに前日（11月18日）時点のレーティングコンセンサスは4.27（アナリスト数11人）で「やや強気」の水準、目標株価コンセンサスは2,323円（アナリスト数11人）となっている。","A major Japanese securities firm on November 19th maintained its rating for Renesas Electronics <6723> at ""Buy"". On the other hand, the target price was lowered from 2,700 yen to 2,600 yen. Incidentally, as of the previous day (November 18th), the consensus rating was 4.27 (based on 11 analysts), indicating a ""slightly bullish"" level, and the consensus target price was 2,323 yen (based on 11 analysts).",0,
PANASONIC HOLDINGS CORP,PCRHY,6752,TOPIX,"Afternoon Session Comment No.4 Shiseido, Panasonic H, Chugai Pharmaceutical, Shinto HD, Gunze, Mitsubishi Electric","Panasonic Holdings will begin demonstrating a service to remotely charge electric vehicles (EVs) for owners, aiming to reduce electricity costs by utilizing surplus solar power. This demonstration, involving the remote control of 100 EVs, is planned to start by March 2026 and will be conducted by its operating subsidiary, Panasonic.","Shiseido's stock reached a new low following Mizuho's target price reduction from 2,400 yen to 2,200 yen, driven by concerns over sales execution and Japan-China relations.;Panasonic Holdings is initiating a demonstration of a remote EV charging service, aiming to optimize electricity costs and utilize renewable energy surplus by March 2026.;Mizuho Securities raised Chugai Pharmaceutical's target price from 6,700 yen to 8,500 yen, citing rising multiples for obesity-related drug companies and strong consensus for its oral GLP-1 drug ""Orforglipron."";Shinto Holdings commenced operations at its new Ibaraki factory for AI-compatible containerized data centers, enhancing its manufacturing capacity and supporting high-density computing.;Gunze will implement price increases of 20 yen to 50 yen per kilogram for its heat-shrinkable films starting December 1, attributing the hike to rising labor, logistics, and raw material costs.",20-Nov,15:31,breaking,"The article is a roundup of multiple timestamped news items, with the majority (including the Panasonic section) reporting newly happened events or announcements, and the hard rule for analyst ratings does not apply as they are not the main content.",トレーダーズ・ウェブ,畑尾,SIGNIFICANT,HIGH,"Despite being a multi-company article, the section on Panasonic Holdings Corp details a specific, timely, and strategic development: the demonstration of a new remote EV charging service. This initiative is directly relevant to Panasonic's Automotive and Energy segments, focuses on optimizing electricity costs and utilizing renewable energy, and has already been linked to a 'sharp rebound' in the stock, indicating market impact and actionable intelligence for traders.","New strategic service demonstration (remote EV charging), Directly impacts key growth sectors (EV, renewable energy) for Panasonic, Reported market reaction ('sharp rebound') to the news, Timely and specific event, not generic or historical information",0.8,Market Analysis,"The launch of a new EV charging service demonstration signals Panasonic's strategic commitment to expanding its footprint in the high-growth EV and renewable energy sectors. This development could positively influence investor sentiment and potentially drive future revenue growth, suggesting a positive outlook for the company's stock. Traders might consider this as a positive indicator for long-term investment or short-term momentum plays.",後場コメント No.4　資生堂、パナソニックＨ、中外薬、新都ＨＤ、グンゼ、三菱電,ja,en,https://finance.yahoo.co.jp/news/detail/b635adc505323fda64bf09a978fd379e6fed466e,2025-11-20T11:09:56.934868,2025-11-20T11:17:19,gemini-2.5-flash,"現在値 新都ＨＬＤ 121 + 6 グンゼ 3,965 + 35 中外薬 8,278 + 117 資生堂 2,185.5 -120.00 パナソニク 1,755 + 55 ★14:12 資生堂－みずほが目標株価引き下げ 売り上げ拡大実行フェースだが日中関係を含め様子見 資生堂 < 4911 > が新安値。みずほ証券では、売り上げ拡大実行フェースに入ったが、日中関係を含め様子見と判断。投資判断は「中立」を継続し、目標株価を2400円→2200円に引き下げた。 同社は3Q決算と同時に、26.12期スタートの新中期経営計画と、のれんの減損損失計上（米州事業関連）を発表。みずほでは、株価上昇のためには売り上げ増は必須だが、日本・米州・アジアパシフィックは不安が残り、さらに足元は日中関係でのリスクも出ていると指摘した。みずほでは、新中計に関して同社が最新サイエンスをブランド横断で取り入れた新製品ローンチ頻度を高めていくとみているが、グローバルで多くのブランドが最新テクノロジーを入れた新製品を発売しており、現時点での売り上げ貢献度合いは未知数と考えている。 ★14:29 パナソニックＨＤ－4日ぶり大幅反発 遠隔でEV蓄電制御 再エネ発電量に応じ需要調整＝日経 パナソニックホールディングス < 6752 > が4日ぶり大幅反発。日本経済新聞電子版は20日2時、同社がEV所有者に代わって遠隔で充電するサービスの実証を始めると報じた。 記事によると、太陽光発電設備が稼働し電気が余っている昼間に充電することで電気代を抑えられるという。地域で余る電力を有効活用する。同社はまず2026年3月をめどにEV100台を遠隔で自動制御して充放電する実証を始める。事業子会社パナソニックが3カ月間実証する。EV充電器と制御のための専用機器を組み合わせるため、EV車種の指定はないとしている。 ★14:30 中外製薬－みずほが目標株価引き上げ 肥満関連薬企業のマルチプル上昇など踏まえる 中外製薬 < 4519 > が3日ぶり反発。みずほ証券では、肥満関連薬企業のマルチプル上昇と経口GLP-1薬「オルフォグリプロン」のコンセンサス上昇を反映。投資判断は「中立」を継続し、目標株価を6700円→8500円に引き上げた。 みずほでは、イーライリリーなどの米欧肥満関連薬企業のマルチプル上昇と、イーライリリーに導出した「オルフォグリプロン」の売り上げ予想コンセンサス上昇を踏まえ目標株価を引き上げた。業績予想は「オルフォグリプロン」と「Nemluvio」（ガルデルマ社）に関するロイヤルティ収入を増額した。今後の注目点は、オルフォグリプロンの米国承認、販売立ち上がり、筋肉増強作用があるGYM329の肥満症のフェーズ2試験の結果と考えている。 ★14:42 新都ＨＤ－後場上げ幅拡大 AI対応コンテナ型データセンター製造拠点を稼働開始 新都ホールディングス < 2776 > が後場上げ幅拡大。同社は20日14時30分、世界トップクラスの技術を有するパートナー企業と連携し、最先端技術を取り入れた自社ブランド製品「AI対応コンテナ型データセンター」の国内製造拠点として、茨城県に第一工場を新設し、12月15日より稼働を開始すると発表した。 同製品は、AI向けの高密度計算に対応するプレハブ型・モジュール型データセンターだという。電源、UPS、バッテリー、冷却、防災、監視・セキュリティといった主要設備をあらかじめ工場でモジュール化して出荷できる点が最大の特長としている。 今後は、さらなる製造能力の増強、世界的技術パートナーとの協業強化、海外市場への展開など、持続的な事業成長に向けた体制整備を段階的に進めていく方針としている。 ★14:53 グンゼ－続伸 熱収縮フィルムを値上げ 12月1日出荷分から グンゼ < 3002 > が続伸。同社は20日、飲料、食品用ラベルに使われる熱収縮フィルム「ファンシーラップ」および「GEOPLAS」を値上げすると発表した。 価格改定幅はキログラムグラム当たり20円～50円。12月1日出荷分より実施する。労務費、物流・保管費の高騰に加え、製造機の老朽化対策や資源循環モデル確立に向けた設備費用が急騰している。さらに、主要原料メーカーより強い値上げ要請を受諾せざるを得ない状況であることから、価格改定を実施するとしている。 ★14:56 三菱電機－3日ぶり大幅反発 鉄道向け長距離LiDARを開発 三菱電機 < 6503 > が3日ぶり大幅反発。同社は20日、600メートル先の人や障害物を検知可能な鉄道向け長距離LiDAR（レーザー光を照射し、その反射光によって点群データを取得することで対象物までの距離や形を計測する装置）を業界で初めて開発したと発表した。 同技術により、鉄道車両走行時の前方監視の用途でLiDARを鉄道車両の運転席に搭載した場合に600メートル先の人の検知が可能となるほか、鉄道沿線の安全確認の用途で沿線に定点設置した場合に、600メートル先の20センチメートル程度の小さな落下物の検知が可能となる。さらに、付属のLiDAR制御装置に搭載した物体検出AIにより、点群データのみでは特定しづらい障害物の種類を高速・高精度に識別できるとしている。 畑尾","Current Price: Shinto Holdings 121 + 6, Gunze 3,965 + 35, Chugai Pharmaceutical 8,278 + 117, Shiseido 2,185.5 -120.00, Panasonic 1,755 + 55. ★14:12 Shiseido - Mizuho lowers target price; sales expansion execution phase, but wait-and-see approach including Japan-China relations. Shiseido <4911> hit a new low. Mizuho Securities believes that while the company has entered a sales expansion execution phase, a wait-and-see approach is warranted, including due to Japan-China relations. It maintained its ""Neutral"" investment rating and lowered its target price from 2,400 yen to 2,200 yen. Concurrently with its Q3 financial results, the company announced a new medium-term management plan starting in the fiscal year ending December 2026, and the recording of impairment losses on goodwill (related to its Americas business). Mizuho pointed out that while increased sales are essential for a stock price recovery, concerns remain in Japan, the Americas, and Asia-Pacific, and there are also current risks related to Japan-China relations. Mizuho believes that regarding the new medium-term plan, the company will increase the frequency of new product launches incorporating the latest science across brands, but it also considers that many brands globally are launching new products with the latest technology, and the extent of their sales contribution at this point is unknown. ★14:29 Panasonic HD - Sharp rebound after 4 days; remote EV storage control, demand adjustment according to renewable energy generation = Nikkei. Panasonic Holdings <6752> saw a sharp rebound after 4 days. The Nikkei Shimbun Digital Edition reported at 2:00 on the 20th that the company will begin demonstration of a service to remotely charge EVs on behalf of EV owners. According to the article, electricity costs can be reduced by charging during the daytime when solar power generation facilities are operating and electricity is in surplus. This will effectively utilize surplus electricity in the region. The company will first begin a demonstration by remotely and automatically controlling the charging and discharging of 100 EVs, aiming for March 2026. Its operating subsidiary Panasonic will conduct the demonstration for three months. It states that there will be no specific EV model requirements as it combines EV chargers with dedicated control equipment. ★14:30 Chugai Pharmaceutical - Mizuho raises target price; based on rising multiples of obesity-related drug companies, etc. Chugai Pharmaceutical <4519> rebounded after 3 days. Mizuho Securities reflected the rising multiples of obesity-related drug companies and the rising consensus for the oral GLP-1 drug ""Orforglipron."" It maintained its ""Neutral"" investment rating and raised its target price from 6,700 yen to 8,500 yen. Mizuho raised the target price based on the rising multiples of US and European obesity-related drug companies such as Eli Lilly, and the rising consensus for sales forecasts of ""Orforglipron,"" which was licensed to Eli Lilly. Its earnings forecast increased royalty income related to ""Orforglipron"" and ""Nemluvio"" (Galderma). Key points of interest going forward are considered to be the US approval of Orforglipron, its sales launch, and the results of the Phase 2 trial for obesity of GYM329, which has muscle-strengthening effects. ★14:42 Shinto Holdings - Widens gains in afternoon session; starts operation of AI-compatible containerized data center manufacturing base. Shinto Holdings <2776> widened its gains in the afternoon session. The company announced at 14:30 on the 20th that it has established its first factory in Ibaraki Prefecture as a domestic manufacturing base for its own brand product, ""AI-compatible containerized data centers,"" incorporating cutting-edge technology in collaboration with world-class technology partners, and will commence operations from December 15. The product is said to be a prefabricated and modular data center that supports high-density computing for AI. Its greatest feature is that key equipment such as power supply, UPS, batteries, cooling, disaster prevention, monitoring, and security can be modularized at the factory and shipped in advance. Going forward, the company plans to progressively develop its structure for sustainable business growth, including further strengthening manufacturing capacity, enhancing collaboration with global technology partners, and expanding into overseas markets. ★14:53 Gunze - Continues to rise; raises prices for heat-shrinkable film from December 1 shipments. Gunze <3002> continued to rise. The company announced on the 20th that it will raise the prices of its heat-shrinkable films ""Fancywrap"" and ""GEOPLAS,"" which are used for beverage and food labels. The price revision range is 20 yen to 50 yen per kilogram. It will be implemented from shipments on December 1. In addition to soaring labor costs, logistics and storage costs, equipment costs for measures against aging manufacturing machinery and for establishing a resource circulation model have also surged. Furthermore, it states that it is implementing the price revision because it has no choice but to accept strong price increase requests from major raw material manufacturers. ★14:56 Mitsubishi Electric - Sharp rebound after 3 days; develops long-range LiDAR for railways. Mitsubishi Electric <6503> saw a sharp rebound after 3 days. The company announced on the 20th that it has developed the industry's first long-range LiDAR for railways (a device that measures the distance and shape of objects by emitting laser light and acquiring point cloud data from its reflection), capable of detecting people and obstacles up to 600 meters away. This technology enables the detection of people 600 meters away when LiDAR is mounted in the driver's seat of a railway vehicle for forward monitoring during train operation, and also enables the detection of small fallen objects of about 20 centimeters 600 meters away when fixedly installed along railway lines for safety confirmation. Furthermore, it states that the object detection AI installed in the accompanying LiDAR control device can identify the types of obstacles that are difficult to specify from point cloud data alone, with high speed and accuracy. Hatao",0,
PANASONIC HOLDINGS CORP,PCRHY,6752,TOPIX,"<Moving Stocks on 20th> Panasonic, YKK AP to verify implementation of building material integrated solar power generation with inner windows","Panasonic Holdings has commenced implementation verification of building-integrated photovoltaics (BIPV) using its glass-type perovskite solar cells, which are under development. This verification, conducted with YKK AP, focuses on examining installation methods, workability, transparency, and design of the cells, which are characterized by high freedom in size, transparency, and design.","Panasonic Holdings and YKK AP have begun implementation verification for building-integrated photovoltaics (BIPV) using Panasonic's glass-type perovskite solar cells.;The verification, conducted at YKK AP's Tanimachi YF Building, focuses on installation methods for inner windows, workability, transparency, and design adaptability.;The glass-type perovskite solar cells offer high freedom in size, transparency, and design, utilizing proprietary material technology, inkjet coating, and laser processing.;The verification specifically excludes testing power generation performance and grid connection at this stage.;Panasonic's stock closed at 1,755 yen on the 20th, marking a 55 yen increase from the previous day.",21-Nov,7:30,breaking,"The article explicitly states that Panasonic Holdings 'announced on the 20th that it has commenced implementation verification' of a new technology, indicating a newly happened event and newly announced information.",ウエルスアドバイザー,ウエルスアドバイザー,SIGNIFICANT,HIGH,"Panasonic announced the commencement of implementation verification for a new glass-type perovskite solar cell technology for building-integrated photovoltaics (BIPV), in collaboration with YKK AP. This represents a concrete new technology development and a strategic partnership in a growth sector (renewable energy), which is a key business segment for Panasonic. The market reacted positively to the news, indicating its perceived significance.","New technology development (glass-type perovskite solar cells for BIPV), Strategic partnership with YKK AP for implementation verification, Focus on a growth area (renewable energy/BIPV) within Panasonic's Energy segment, Positive market reaction (stock price increase on announcement day)",0.7,Technology,"This news signals Panasonic's progress in developing and potentially commercializing advanced solar cell technology for BIPV. Traders could monitor the outcomes of this verification, future performance testing, and potential commercialization timelines, as this could contribute to long-term growth in Panasonic's Energy segment. The immediate positive stock reaction suggests the market views this as a favorable development.",＜２０日の動意株＞パナソニック、ＹＫＫ・ＡＰと内窓による建材一体型太陽光発電で実装検証,ja,en,https://finance.yahoo.co.jp/news/detail/ae42fa44378082856df8d7916c5a50fc5407cfa6,2025-11-24T17:08:51.125540,2025-11-24T17:10:10,gemini-2.5-flash,パナソニックホールディングス<6752>は２０日、ＹＫＫ ＡＰ（東京都千代田区）と、ＹＫＫ ＡＰが入居する谷町ＹＦビル（大阪府大阪市）において、同社が開発中のガラス型ペロブスカイト太陽電池を用いた内窓による建材一体型太陽光発電（ＢＩＰＶ）の実装検証を開始したと発表した。同社によると、今回の実装検証で使用する開発中のガラス型ペロブスカイト太陽電池は、独自の材料技術やインクジェット塗布製法、レーザー加工技術を組み合わせることによる、サイズや透過性、描画の自由度の高さが特長という。今回は、窓の大きさに合わせた対応が可能なガラス型ペロブスカイト太陽電池による内窓への据え付け方法の検討、施工性の確認（発電性能の検証・系統連系は行いません）のほか、４種類の異なるデザインのガラス型ペロブスカイト太陽電池による透過性や意匠性、視認性の確認を行うという。２０日の終値は、前日比５５円高の１７５５円。,"Panasonic Holdings <6752> announced on the 20th that it has commenced implementation verification of building-integrated photovoltaics (BIPV) using inner windows equipped with glass-type perovskite solar cells currently under development by the company. This verification is being conducted with YKK AP (Chiyoda-ku, Tokyo) at the Tanimachi YF Building (Osaka City, Osaka Prefecture), where YKK AP is located. According to Panasonic, the glass-type perovskite solar cells under development, which are being used in this implementation verification, are characterized by their high degree of freedom in size, transparency, and design, achieved by combining proprietary material technology, inkjet coating methods, and laser processing technology. This time, the verification will involve examining installation methods for inner windows using glass-type perovskite solar cells that can be adapted to various window sizes, confirming workability (verification of power generation performance and grid connection will not be conducted), and assessing the transparency, design, and visibility using four different designs of glass-type perovskite solar cells. The closing price on the 20th was 1,755 yen, an increase of 55 yen from the previous day.",0,
PANASONIC HOLDINGS CORP,PCRHY,6752,TOPIX,"[Analyst Rating] Panasonic H, strong rating maintained, target price raised to 2,540 yen (Major Japanese Securities Firm)","A major Japanese securities firm maintained its ""Strong Buy"" rating for Panasonic Holdings, raising its target price from 2,400 yen to 2,540 yen. This action aligns with the company's consensus ""Strong Buy"" rating from 12 analysts.","A major Japanese securities firm maintained a ""Strong Buy"" rating for Panasonic Holdings (6752).;The target price for Panasonic Holdings was raised from 2,400 yen to 2,540 yen.;The new target price of 2,540 yen is above the current consensus target price of 2,190 yen.;The consensus rating from 12 analysts as of November 25 was 4.83, indicating a ""Strong Buy"" level.",26-Nov,18:05,recap,"The article is exclusively about analyst ratings and target price adjustments, which, according to the hard rule, classifies it as RECAP_NEWS regardless of specific dates mentioned.",アイフィス株予報,アイフィスジャパン,SIGNIFICANT,HIGH,"The article reports a major Japanese securities firm raising its target price for Panasonic Holdings, which is a concrete, recent development that can influence investor sentiment and stock price. The new target price is also above the current consensus, reinforcing a positive outlook.","Target price raised by a major securities firm, New target price is above the current consensus, Recent and specific analyst action (November 26), Directly impacts investor sentiment and potential stock valuation",0.9,Market Analysis,"Traders might interpret the raised target price and maintained 'Strong Buy' rating as a positive signal, potentially leading to increased buying interest or a re-evaluation of their existing positions in Panasonic Holdings.","【アナリスト評価】パナソニックＨ、レーティング強気を継続、目標株価2,540円に引上げ（日系大手証券）",ja,en,https://finance.yahoo.co.jp/news/detail/c48d6388fc91030e135e9d426689f70adccae844,2025-11-27T05:07:46.729193,2025-11-27T05:11:41,gemini-2.5-flash,"日系大手証券が11月26日、パナソニック　ホールディングス<6752>のレーティングを強気（買い）に据え置いた。一方、目標株価は2,400円から2,540円に引き上げた。因みに前日（11月25日）時点のレーティングコンセンサスは4.83（アナリスト数12人）で「強気」の水準、目標株価コンセンサスは2,190円（アナリスト数12人）となっている。","On November 26, a major Japanese securities firm maintained its ""Strong Buy"" (Buy) rating for Panasonic Holdings <6752>. Meanwhile, the target price was raised from 2,400 yen to 2,540 yen. Incidentally, as of the previous day (November 25), the consensus rating was 4.83 (12 analysts), indicating a ""Strong Buy"" level, and the consensus target price was 2,190 yen (12 analysts).",0,
PANASONIC HOLDINGS CORP,PCRHY,6752,TOPIX,"Morning Session Comment No.6 Panasonic Holdings, Senko GHD, SWCC, SUMCO, Ibiden, Mobilus","Panasonic Holdings saw a significant continued rise after its subsidiary, Panasonic Energy, announced it will supply cylindrical lithium-ion batteries to Zoox, an Amazon-owned robotaxi development company, starting in early 2026. These batteries will be used for Zoox's robotaxi vehicles planned for deployment in the U.S.","Panasonic Energy, a subsidiary of Panasonic Holdings, will supply 2170 cylindrical lithium-ion batteries to Amazon-owned Zoox for robotaxis, with supply beginning in early 2026.;Dalton Investments, an activist shareholder, increased its ownership in Senko Group Holdings from 5.01% to 6.10%, leading to a fourth consecutive day of gains for the company.;SWCC plans to invest 1 billion yen in its Miyagi factory to significantly increase optical fiber production for data centers, aiming to increase sales by approximately 28 times in fiscal year 2026 compared to fiscal year 2024.;SMBC Nikko Securities raised SUMCO's target price from 1,500 yen to 1,600 yen, maintaining an 'Outperform' rating, citing improved mid-term outlook due to AI demand and short-term bad news being priced in.;Morgan Stanley MUFG Securities downgraded Ibiden's investment rating from 'Overweight' to 'Equal-weight' despite raising its target price from 9,500 yen to 13,000 yen, indicating limited further upside potential for the stock price.",26-Nov,11:30,recap,Model output was not valid JSON.,トレーダーズ・ウェブ,畑尾,SIGNIFICANT,HIGH,"Despite being a multi-company summary, the article provides specific, timely, and actionable intelligence regarding Panasonic Holdings. The announcement of its subsidiary, Panasonic Energy, securing a deal to supply lithium-ion batteries to Amazon-owned Zoox for robotaxis is a concrete strategic partnership that will generate future revenue starting in early 2026. This directly impacts Panasonic's growth prospects in the battery and automotive sectors.","Strategic partnership with Amazon-owned Zoox (a major company), New supply contract for lithium-ion batteries for robotaxis, Concrete future revenue stream starting early 2026, Positive impact on Panasonic's position in the EV/battery market",0.9,Market Analysis,"The news indicates a positive future outlook for Panasonic's battery segment due to a new, significant contract with a major player in an emerging technology. Traders could interpret this as a positive catalyst for the stock, potentially leading to increased demand or a re-evaluation of its growth prospects.",前場コメント No.6　パナソニックＨ、センコーＧＨＤ、ＳＷＣＣ、ＳＵＭＣＯ、イビデン、モビルス,ja,en,https://finance.yahoo.co.jp/news/detail/67678c69c079f7ecf1a9b8272f809915b8bc7361,2025-11-26T05:09:20.461563,2025-11-26T05:13:24,gemini-2.5-flash,"現在値 ＳＵＭＣＯ 1,230.5 + 60.50 イビデン 10,780 -550.00 ＳＷＣＣ 10,740 + 520.00 パナソニク 1,843.5 + 88.50 センコーＧ 1,927 + 44 ★10:02　 パナソニックＨＤ－大幅続伸　アマゾン傘下のロボタクシー開発会社に電池供給 パナソニックホールディングス < 6752 > が大幅続伸。同社傘下のパナソニックエナジーは25日、米アマゾン傘下で自動運転技術を活用した配車サービスを展開するズークスにリチウムイオン電池を供給すると発表した。 ズークスが米国で展開する予定のロボタクシー車両向けに、円筒形リチウムイオン電池を供給する。2026年初頭から、最新の円筒形リチウムイオン電池2170セルの供給を開始し、ズークスのロボタクシー事業の成長に貢献するとしている。 ★10:03　 センコーＧＨＤ－4日続伸　ダルトンインベストメンツの保有割合増加　5.01％→6.10％ センコーグループホールディングス < 9069 > が4日続伸。同社について、アクティビスト（物言う株主）として知られるダルトン・インベストメンツの保有割合が増加した。11月25日受付分の変更報告書（5％ルール）で判明した。保有割合は5.01％→6.10％となる。 ★10:06　 ＳＷＣＣ－3日ぶり大幅反発　社長「データセンター用光ファイバー、宮城で増産」＝日経 ＳＷＣＣ < 5805 > が3日ぶり大幅反発。日本経済新聞電子版は26日5時、同社がデータセンター用の光ファイバーを増産し、半導体製造で検査に使う部材にも力を入れると報じた。 記事によれば、同社の小又哲夫社長が取材に応じた。宮城県の工場で10億円の設備投資を実施し、売上高を2026年度に24年度比約28倍に増やすもよう。小又社長は「既存ラインを増強し今の3倍の生産能力を確保する。生産能力は使い切っていなかったが25年度でフル稼働になる。イーリボンの売上高は数十億円でケタを1つ上げたい」と述べたとしている。 ★10:17　 ＳＵＭＣＯ－ＳＭＢＣ日興が目標株価引き上げ　短期では悪材料出尽くし感 ＳＵＭＣＯ < 3436 > が3日ぶり大幅反発。ＳＭＢＣ日興証券では、短期では悪材料出尽くし感、中期ではAIによる成長加速に期待。投資評価は「1（アウトパフォーム）」を継続し、目標株価を1500円→1600円に引き上げた。 ＳＭＢＣ日興では、26.12期1Qには前四半期比での減価償却費の減少も相まって、赤字が大幅に縮小する可能性が高いと考えている。減価償却費に関しては、建設仮勘定の内訳やＦｏｒｍｏｓａ ＳＵＭＣＯＴｅｃｈｎｏｌｏｇｙの償却方法も考慮すべきとした。他方でAI関連での需要は従来想定を上回るペースで増加する可能性が高まっていると判断。短期的な悪材料の出尽くし感、中期的な見通しの改善を踏まえ、押し目買いの好機と考えている。 ★10:17　 イビデン－ＭＳＭＵＦＧが投資判断を引き下げ　さらなる株価の上昇余地は限定的 イビデン < 4062 > が急落。モルガン・スタンレーＭＵＦＧ証券では、株価のさらなるアップサイドは限定的だろうとして、投資判断を「Overweight」→「Equal-weight」に引き下げ、目標株価は9500円から13000円に引き上げた。 モルガン・スタンレーでは、同社業績予想を上方修正。主力製品の半導体用FCパッケージ基板において、2024年7-9月から同社が量産出荷を開始したNVIDIAのBlackwell用FCパッケージはSAPのサイズはHopper用FCパッケージの約2倍で単価は2倍を上回っていると推測。Rubin向けではさらに単価が上昇すると予想している。一方、バリュエーションの面からさらなる株価の上昇余地は限定的だと指摘している。 ★10:18　 モビルス－3日続伸　ＪＲ西日本が同社のチャットボット・有人チャットを導入 モビルス < 4370 > が3日続伸。同社は26日10時、ＪＲ西日本（西日本旅客鉄道） < 9021 > が、インバウンド向けに提供する忘れ物およびQRコード予約のWEST QRの2つのサービスの問い合わせ対応に、同社の有人チャット「MOBI AGENT」、チャットボット「MOBI BOT」を導入したと発表した。 これにより、ＪＲ西日本は大阪万博などのインバウンド需要の増加に対応し、多言語対応のチャットシステムを実現した。利用者は、忘れ物やWEST QRに関する問い合わせを英語、中国語（繁体字・簡体字）、韓国語の3言語で行えるという。同システムは2025年2月から本格運用を開始し、導入から2カ月で、チャットボットおよび有人チャットを活用することで、忘れ物問い合わせで従来の電話対応と比較して、1件あたりの問い合わせへの対応時間を約24％削減したほか、利用者からは、母国語でスムーズに問題を解決できたとの高い評価を得ているとした。 畑尾","Current Price: SUMCO 1,230.5 +60.50 Ibiden 10,780 -550.00 SWCC 10,740 +520.00 Panasonic 1,843.5 +88.50 Senko G 1,927 +44 ★10:02 Panasonic HD - Significant continued rise; supplying batteries to Amazon-owned robotaxi development company. Panasonic Holdings <6752> saw a significant continued rise. Panasonic Energy, a subsidiary of the company, announced on the 25th that it would supply lithium-ion batteries to Zoox, an Amazon-owned company that develops ride-hailing services utilizing autonomous driving technology in the U.S. Cylindrical lithium-ion batteries will be supplied for Zoox's robotaxi vehicles planned for deployment in the U.S. Supply of the latest cylindrical lithium-ion battery 2170 cells will begin in early 2026, contributing to the growth of Zoox's robotaxi business. ★10:03 Senko GHD - 4th consecutive day of gains; Dalton Investments' ownership ratio increases from 5.01% to 6.10%. Senko Group Holdings <9069> rose for the fourth consecutive day. It was revealed in a change report (5% rule) filed on November 25th that Dalton Investments, known as an activist shareholder, increased its ownership ratio in the company. The ownership ratio will increase from 5.01% to 6.10%. ★10:06 SWCC - Sharp rebound after 3 days; President: 'Increasing production of optical fiber for data centers in Miyagi' = Nikkei. SWCC <5805> saw a sharp rebound after three days. The Nikkei Shimbun Digital reported at 5:00 on the 26th that the company would increase production of optical fiber for data centers and also focus on materials used for inspection in semiconductor manufacturing. According to the article, Tetsuo Komata, President of the company, responded to an interview. The company plans to invest 1 billion yen in equipment at its Miyagi factory, aiming to increase sales by approximately 28 times in fiscal year 2026 compared to fiscal year 2024. President Komata stated, 'We will strengthen existing lines to secure three times the current production capacity. Although our production capacity was not fully utilized, it will be fully operational in fiscal year 2025. We aim to increase e-ribbon sales, currently in the billions of yen, by one order of magnitude.' ★10:17 SUMCO - SMBC Nikko raises target price; short-term sense of all bad news priced in. SUMCO <3436> saw a sharp rebound after three days. SMBC Nikko Securities expects a short-term sense of all bad news being priced in and mid-term acceleration of growth due to AI. The investment rating remains '1 (Outperform),' and the target price has been raised from 1,500 yen to 1,600 yen. SMBC Nikko believes that in Q1 of the December 2026 fiscal year, the deficit is highly likely to shrink significantly, also due to a quarter-on-quarter decrease in depreciation expenses. Regarding depreciation expenses, the breakdown of construction in progress and the depreciation method for Formosa SUMCO Technology should also be considered. On the other hand, demand related to AI is judged to be increasing at a faster pace than previously expected. Considering the short-term sense of all bad news being priced in and the improvement in the mid-term outlook, it is considered a good opportunity for dip buying. ★10:17 Ibiden - MSMUFG downgrades investment rating; further upside potential for stock price is limited. Ibiden <4062> fell sharply. Morgan Stanley MUFG Securities downgraded its investment rating from 'Overweight' to 'Equal-weight,' stating that further upside for the stock price would be limited, while raising the target price from 9,500 yen to 13,000 yen. Morgan Stanley revised its earnings forecast for the company upwards. For its main product, FC package substrates for semiconductors, it estimates that the FC packages for NVIDIA's Blackwell, which the company began mass shipping from July-September 2024, have an SAP size approximately twice that of Hopper's FC packages, and the unit price is more than double. For Rubin, the unit price is expected to increase further. On the other hand, it points out that from a valuation perspective, further upside potential for the stock price is limited. ★10:18 Mobilus - 3rd consecutive day of gains; JR West introduces the company's chatbot and human-assisted chat. Mobilus <4370> rose for the third consecutive day. The company announced at 10:00 on the 26th that JR West (West Japan Railway) <9021> has introduced its human-assisted chat 'MOBI AGENT' and chatbot 'MOBI BOT' for handling inquiries regarding two services provided for inbound tourists: lost and found, and WEST QR code reservations. This has enabled JR West to respond to the increasing inbound demand, such as for the Osaka Expo, and realize a multilingual chat system. Users can make inquiries regarding lost and found items and WEST QR in three languages: English, Chinese (Traditional and Simplified), and Korean. The system will commence full operation in February 2025. Within two months of its introduction, by utilizing the chatbot and human-assisted chat, the response time per inquiry for lost and found items was reduced by approximately 24% compared to traditional phone support, and users have highly praised the ability to resolve issues smoothly in their native language. Hatao",0,
PANASONIC HOLDINGS CORP,PCRHY,6752,TOPIX,"Afternoon Session Comment No.2 Fuji Oil, Kandenko, Oval, Chubu Electric Power, Mobcast H, Panasonic H","Mizuho Securities raised its target price for Panasonic Holdings to 2,540 yen, maintaining a ""Buy"" rating, as it views the current stock price as undervalued. This positive outlook is supported by CEO Kusumi's renewed commitment to achieving 600 billion yen in adjusted operating profit next fiscal year and the spin-off of the housing business.","Mizuho Securities raised target prices for Fuji Oil (to 5,100 yen), Chubu Electric Power (to 2,700 yen), and Panasonic Holdings (to 2,540 yen), maintaining ""Buy"" ratings.;Marusan Securities increased Kandenko's target price to 5,750 yen, also with a ""Buy"" rating, based on strong earnings trends and profit margin growth.;Oval surged after announcing a share buyback program of up to 1 million shares or 500 million yen, representing 4.74% of total outstanding shares.;Mobcast Holdings rebounded significantly upon being officially selected for the Solana Foundation Delegation Program, which will expand opportunities for staking rewards.;Chubu Electric Power's target price increase by Mizuho is based on expectations for its next medium-term management plan to address low ROE and adopt a progressive dividend policy.",27-Nov,15:31,recap,"Despite some specific new announcements, the article is predominantly a collection of market updates where the majority of company-specific sections (4 out of 6) focus on analyst ratings, target price changes, and their underlying rationale, which falls under the hard rule for RECAP_NEWS.",トレーダーズ・ウェブ,畑尾,INSIGNIFICANT,HIGH,"This article is a multi-company consolidation report, covering several Japanese companies with brief mentions of their stock movements and analyst revisions. While Panasonic Holdings is mentioned, the information provided for it is limited to a target price revision by Mizuho Securities without detailed, specific reasoning or underlying company developments. The article focuses more on other companies like Fuji Oil and Kandenko, providing more in-depth explanations for their respective target price changes. For Panasonic, the content is too noisy and lacks the specific, substantiated actionable intelligence required for a 'SIGNIFICANT' classification.","Multi-company consolidation article, diluting focus on Panasonic Holdings., Lack of detailed, specific reasoning for Panasonic's target price revision, unlike other companies in the same article., Panasonic Holdings is only briefly mentioned, not the primary focus of the article., The information for Panasonic is a derivative analyst rating without underlying company-specific developments or financial data.",0.9,Market Analysis,,後場コメント No.2　不二製油、関電工、オーバル、中部電、モブキャストＨ、パナソニックＨ,ja,en,https://finance.yahoo.co.jp/news/detail/7538a7a5177a6a47b11940874e964c2ba0a783d2,2025-11-27T11:09:11.689457,2025-11-27T11:13:56,gemini-2.5-flash,"現在値 関電工 4,906 + 78 不二製油 3,627 + 110.00 モブキャス 41 + 2 オーバル 586 + 29 中部電 2,443 -4.50 ★12:55 不二製油－みずほが目標株価を引き上げ 節約志向での躍進機会に注目 不二製油 < 2607 > が堅調。みずほ証券は、節約志向での躍進機会に注目。投資判断は「買い」を継続し、目標株価は4650円→5100円に引き上げた。 みずほでは、26/3期2Q決算発表後の説明会および追加取材を踏まえ、業績予想を見直した。2Q決算は、カカオ特殊要因を除く実質事業利益(BP)が前年同期比29%(30億円)増となったほか、同特殊要因を含むBPも前年同期比の赤字(17億円)から黒字(97億円)に転換し、ひとまず安心感をもたらす実績だったと指摘している。食品セクター7-9月決算では、生活防衛意識の高まりで全体業績は停滞したが、ダウントレード需要を確保する一部企業の好調が目立ったという。オーガニック業績回帰とカカオ相場の高止まりの下での躍進機会に注目した。 ★13:01 関電工－丸三が目標株価引き上げ 会社計画上振れに向けて着実な業績進ちょく 関電工 < 1942 > が続伸。丸三証券では、会社計画上振れに向けて着実な業績進ちょくと評価。投資判断は「買い」を継続し、目標株価を4550円→5750円に引き上げた。 丸三では、業績動向を踏まえ予想を上方に見直した。受注高および売上高も好調ではあるが、特に顕著な利益率の上昇を反映。主力の屋内線・環境設備工事に加えて、配電線工事や工務関係工事といった電力インフラ関連も好調が継続しているとした。引き続き、旺盛な建設投資・電力インフラ投資を背景に良好な事業環境の下、堅調な業績推移を予想。同社の収益成長確度の高まりなどを踏まえ、適用バリュエーションを引き上げるとしている。 ★13:03 オーバル－後場急伸 100万株・5億円を上限に自社株買い 割合4.74％ オーバル < 7727 > が後場急伸。同社は27日13時、100万株・5億円を上限とした自社株買いを行うと発表した。取得期間は2025年11月28日～26年5月27日。上限株数を取得した場合の自己株式を除いた発行済み株式総数に対する割合は4.74％となる。 ★13:03 中部電力－みずほが目標株価を引き上げ 次期中計における低ROEからの脱却に向けたアクションに注目 中部電力 < 9502 > が小幅高。みずほ証券は、次期中計における低ROEからの脱却に向けたアクションに注目。投資判断は「買い」を継続し、目標株価は2300円→2700円に引き上げた。 みずほでは、来年春公表予定の中計に注目。懸案である低ROE是正に向けた具体的な取り組み（不採算事業売却・撤退、自己株取得も活用した最適資本構成追求）とともにROE8%目標の設定、短期業績に左右されない配当方針（具体的には累進配当やDOE等）の採用等があるかどうかに注目している。業績予想等を大きく見直しているわけではないが、上記のような変化を期待する点をPBR評価の際のプレミアム要素として織り込んだ。 ★13:10 モブキャストＨＤ－4日ぶり反発 Solana財団公式バリデータ「SFDP」に正式採択 モブキャストホールディングス < 3664 > が4日ぶり反発。同社は27日13時、Solana財団が運営する「Solana Foundation Delegation Program」（以下「SFDP」）に正式採択されたと発表した。 「SFDP」は、Solana財団が技術力・実績・エコシステムへの貢献度など複数の観点から総合的に審査し、世界中から限られたバリデータのみを採択する公式プログラムだという。今回の採択により、同社はSolana財団からのSOL委任を受けることが可能となり、自社保有分を超えたステーキング報酬獲得の機会が大きく広がるとしている。同採択を起点として、市場環境に左右されにくい安定的な収益基盤の構築に向けて取り組みを進めていくとしている。 ★13:14 パナソニック－みずほが目標株価を引き上げ 足元の株価はPBR・PERともに割安 パナソニックホールディングス < 6752 > が大幅続伸。みずほ証券は、足元の株価はPBR・PERともに割安とコメント。投資判断は「買い」を継続し、目標株価は2400円→2540円に引き上げた。 みずほでは、割安感強く、株価上昇余地大とみている。2Q決算での「(悪材料)出尽くし」には至らなかったが、楠見CEOの来期調整後営業利益6000億円達成の再度の公約、住宅事業切り出しなどは大きなポジティブと指摘。12月2日の事業説明会ではBBU事業戦略開示に期待。5月の来期計画や新中計発表に向け、期待値醸成が進むとみている。今期は車載電池の下振れをアビオニクス、電子部品、BBUなどが補完し若干の上方修正だが、会社計画には若干届かないと予想。27/3期は今期予想比で大幅増益を予想している。畑尾","Current Price: Kandenko 4,906 + 78, Fuji Oil 3,627 + 110.00, Mobcast 41 + 2, Oval 586 + 29, Chubu Electric Power 2,443 -4.50. ★12:55 Fuji Oil - Mizuho raises target price, focusing on growth opportunities amid cost-saving trends. Fuji Oil <2607> is firm. Mizuho Securities is focusing on growth opportunities amid cost-saving trends. The investment rating is maintained at ""Buy,"" and the target price has been raised from 4,650 yen to 5,100 yen. Mizuho revised its earnings forecast based on the briefing and additional interviews after the Q2 FY26/3 earnings announcement. It pointed out that the Q2 results provided a sense of relief, with actual business profit (BP) excluding special cacao factors increasing by 29% (3 billion yen) year-on-year, and BP including these special factors turning profitable (9.7 billion yen) from a loss (1.7 billion yen) in the same period last year. In the food sector's July-September results, overall performance stagnated due to increased consumer awareness of cost-saving, but some companies securing ""down-trade"" demand performed well. Attention was drawn to growth opportunities under the return to organic business performance and high cacao prices. ★13:01 Kandenko - Marusan raises target price, steady progress towards exceeding company plan. Kandenko <1942> continues to rise. Marusan Securities evaluated the company's steady progress towards exceeding its company plan. The investment rating is maintained at ""Buy,"" and the target price has been raised from 4,550 yen to 5,750 yen. Marusan revised its forecast upward based on earnings trends. While order intake and sales are strong, it particularly reflects a significant increase in profit margins. In addition to core indoor wiring and environmental equipment construction, power infrastructure-related works such as distribution line construction and engineering-related works continue to perform well. The company expects solid earnings growth under a favorable business environment, backed by robust construction and power infrastructure investments. It states that it will raise the applied valuation, considering the increased certainty of the company's revenue growth. ★13:03 Oval - Surges in afternoon session, announces share buyback up to 1 million shares or 500 million yen, representing 4.74%. Oval <7727> surged in the afternoon session. The company announced on the 27th at 13:00 that it would conduct a share buyback with an upper limit of 1 million shares or 500 million yen. The acquisition period is from November 28, 2025, to May 27, 2026. If the maximum number of shares is acquired, the ratio to the total outstanding shares excluding treasury stock will be 4.74%. ★13:03 Chubu Electric Power - Mizuho raises target price, focusing on actions to break away from low ROE in the next medium-term management plan. Chubu Electric Power <9502> rose slightly. Mizuho Securities is focusing on actions to break away from low ROE in the next medium-term management plan. The investment rating is maintained at ""Buy,"" and the target price has been raised from 2,300 yen to 2,700 yen. Mizuho is paying attention to the medium-term management plan scheduled for release next spring. It is watching for specific initiatives to correct the long-standing issue of low ROE (such as selling/withdrawing from unprofitable businesses, pursuing optimal capital structure utilizing share buybacks), setting an ROE target of 8%, and adopting a dividend policy not influenced by short-term performance (specifically, progressive dividends, DOE, etc.). While not significantly revising earnings forecasts, Mizuho has incorporated the expectation of such changes as a premium factor in its PBR valuation. ★13:10 Mobcast HD - Rebounds for the first time in 4 days, officially selected as a Solana Foundation official validator for ""SFDP"". Mobcast Holdings <3664> rebounded for the first time in 4 days. The company announced on the 27th at 13:00 that it has been officially selected for the ""Solana Foundation Delegation Program"" (hereinafter ""SFDP""), operated by the Solana Foundation. ""SFDP"" is an official program where the Solana Foundation comprehensively evaluates technical capabilities, achievements, and contributions to the ecosystem from multiple perspectives, selecting only a limited number of validators from around the world. With this selection, the company will be able to receive SOL delegation from the Solana Foundation, significantly expanding opportunities to earn staking rewards beyond its own holdings. Starting from this selection, the company states that it will proceed with efforts to build a stable revenue base that is less susceptible to market conditions. ★13:14 Panasonic - Mizuho raises target price, current stock price undervalued in terms of both PBR and PER. Panasonic Holdings <6752> continued its significant rise. Mizuho Securities commented that the current stock price is undervalued in terms of both PBR and PER. The investment rating is maintained at ""Buy,"" and the target price has been raised from 2,400 yen to 2,540 yen. Mizuho sees a strong sense of undervaluation and significant upside potential for the stock price. It pointed out that while the Q2 results did not fully ""exhaust bad news,"" CEO Kusumi's renewed commitment to achieving 600 billion yen in adjusted operating profit next fiscal year and the spin-off of the housing business are significant positives. Expectations are high for the disclosure of BBU business strategy at the business briefing on December 2. Mizuho believes that expectations will build towards the announcement of next fiscal year's plan and new medium-term management plan in May. For the current fiscal year, a slight upward revision is expected, with avionics, electronic components, and BBU compensating for the downside in automotive batteries, though it is still expected to fall slightly short of the company's plan. For FY27/3, a significant increase in profit compared to the current year's forecast is expected. Hatao",0,
PANASONIC HOLDINGS CORP,PCRHY,6752,TOPIX,"Morning Session Comment No.3 Resonac HD, Mitsukoshi Isetan, Panasonic H, H2O Retailing, Takashimaya, Yonex","Panasonic Holdings' subsidiary, Panasonic Energy, aims to quadruple sales of energy storage systems for data centers to 800 billion yen by fiscal year 2028, up from slightly less than 200 billion yen in fiscal year 2025. To meet this robust demand, the company plans to reallocate some production capacity from its domestic and international factories that manufacture batteries for EVs.","Resonac HD is reducing its workforce at its German graphite electrode business base to cut fixed costs, with the impact already factored into its FY2025 earnings forecast.;Mitsukoshi Isetan's November domestic department store sales increased by 0.6% year-on-year, driven by strong sales of seasonal items and high-priced watches.;Panasonic Energy, a subsidiary of Panasonic HD, plans to quadruple sales of data center energy storage systems to 800 billion yen by FY2028, reallocating production capacity from EV batteries.;H2O Retailing and Takashimaya reported modest increases in November department store sales (3.6% and 3.5% respectively), though H2O noted a significant drop in tourist sales due to Japan-China tensions.;Yonex received an 'Outperform' rating and an increased target price of 4,000 yen from Tokai Tokyo Intelligence Lab, anticipating continued strong performance, especially in badminton and tennis products globally.",2-Dec,11:31,breaking,"The article reports on a new strategic aim and plan by Panasonic Energy, as recently reported by the Nikkei Shimbun, which constitutes newly announced information.",トレーダーズ・ウェブ,畑尾,INSIGNIFICANT,HIGH,"The article is a multi-company consolidation report, covering several Japanese companies. While it mentions a significant strategic shift for Panasonic Energy (a subsidiary of Panasonic HD) regarding data center energy storage, this information is presented as a brief point within a broader market summary. The article is not primarily dedicated to Panasonic Holdings Corp, and the content is diluted by updates on other companies, making it 'too noisy' for direct actionable intelligence for a trader focused solely on Panasonic.","Multi-company consolidation article, Panasonic's news is a brief mention within a broader market update, Article is not primarily dedicated to PANASONIC HOLDINGS CORP, Content is diluted with other companies' news",0.9,Market Analysis,,前場コメント No.3　レゾナックＨＤ、ミツコシイセタン、パナソニックＨ、Ｈ２Ｏリテイル、高島屋、ヨネックス,ja,en,https://finance.yahoo.co.jp/news/detail/bf7f5830fab328662bbb7d9aaccf959dd9d482af,2025-12-02T05:06:21.092341,2025-12-02T05:16:16,gemini-2.5-flash,"前場コメント No.3　レゾナックＨＤ、ミツコシイセタン、パナソニックＨ、Ｈ２Ｏリテイル、高島屋、ヨネックス11:31配信現在値三越伊勢丹2,332-129レゾナクＨ6,311-60パナソニク1,871-25.50高島屋1,656.5-10.50Ｈ２Ｏリテ2,106-38★9:04　 レゾナックＨＤ－反発　黒鉛電極事業で人員削減を決定レゾナック・ホールディングス<4004>が反発。同社は1日、孫会社が行う黒鉛電極事業に関して、当該事業のドイツ国内拠点の人員削減を決定したと発表した。黒鉛電極事業に関しては、需要動向が低迷する中、競合他社による低価格販売攻勢などにより事業環境が厳しく、グローバルに拠点閉鎖を含む一連の合理化策を推進してきたという。今回、欧州の独拠点においても固定費削減の為の人員削減を決定したとしている。2025年度の業績予想には施策実行に際し発生する費用および効果について、一定の前提の元に織り込んでおり、今回の決議による業績見通しの変更はないという。2026年度の業績見通しに関しては未作成であり、発生する費用および固定費などの費用削減効果については織り込んだ上でのガイダンス作成を行う方針としている。★9:04　 三越伊勢丹－反落　11月度の国内百貨店売上高0.6％増　国内グループ百貨店は1.1％減三越伊勢丹ホールディングス<3099>が反落。同社は1日、11月度の国内百貨店売上高は速報値で前年同月比0.6％増だったと発表した。このうち三越伊勢丹は同1.4％増、国内グループ百貨店は同1.1％減となった。気温の低下とともに、カシミヤなどの上質素材のコート・セーターやブルゾンといったシーズンアイテムが堅調に推移した。また、商品供給力に強みのある高額時計についても、国内、海外顧客ともに伸長したとしている。★9:04　 パナソニックＨＤ－底堅い　データセンター蓄電装置の売上高4倍目標　8000億円規模＝日経パナソニックホールディングス<6752>が底堅い。2日付の日本経済新聞朝刊は、同社傘下のパナソニックエナジが、データセンター向けの蓄電システムの売上高を2028年度をめどに現在の4倍の8000億円に伸ばすと報じた。記事によると、同社の25.3期のデータセンター用蓄電システムの売上高は2000億円弱で、26.3期は前期比1.7倍に拡大する見通し。データセンター向けの旺盛な需要に応えるため、EV向け電池を製造する国内外の工場の生産能力を一部振り向けるとしている。★9:05　 Ｈ２Ｏリテイリング－もみ合い　11月度の百貨店全店売上高3.6％増エイチ・ツー・オー リテイリング<8242>がもみ合い。同社は1日、11月度の百貨店事業における全店売上高は速報値で前年同月比3.6％増だったと発表した。都心店計、郊外店計、全店計いずれも前年の売上高を上回った。中国顧客の免税売上高は月間としては前年を上回ったが、日中関係の緊張の高まりの影響もあり、11月後半は海外VIP顧客以外のツーリスト客の売上高が約2割減と前年を大きく下回る推移だったとしている。★9:05　 高島屋－もみ合い　11月度の国内百貨店売上高3.5％増高島屋<8233>がもみ合い。同社は1日、11月度の国内百貨店売上高（速報値）は前年同月比3.5％増だったと発表した。免税売上高は同3.1％減となった。国内顧客は、気温の低下に伴いコートなどの冬物衣料に動きがみられた。インバウンド顧客については、化粧品、婦人服などが前年からプラスとなった一方、ラグジュアリーブランドをはじめとする高額品がマイナスとなった。★9:05　 ヨネックス－東海東京が目標株価引き上げ　ブランド認知度が向上し好調な業績が続く見通しヨネックス<7906>が4日ぶり反発。東海東京インテリジェンス・ラボでは、ブランド認知度が向上し好調な業績が続くと予想。レーティングは「Outperform」を継続し、目標株価を3200円→4000円に引き上げた。同社の26.3期上期（4-9月）業績は売上高795億円（前年同期比18.8％増）、営業利益88億円（同15.0％増）と前年比2ケタ増収増益だった。東海東京では、26.3期～28.3期業績予想を上方修正。アジアを中心としたバドミントン製品の伸びとグローバルでテニス製品の伸長を見込んでおり、中長期での堅調な業績推移を株価は十分に織り込んでいないとみている。畑尾","Morning Session Comment No. 3: Resonac HD, Mitsukoshi Isetan, Panasonic H, H2O Retailing, Takashimaya, Yonex. Current prices as of 11:31 JST: Mitsukoshi Isetan 2,332 -129, Resonac H 6,311 -60, Panasonic 1,871 -25.50, Takashimaya 1,656.5 -10.50, H2O Reta 2,106 -38. ★9:04 Resonac HD - Rebounds; Decides to reduce workforce in graphite electrode business. Resonac Holdings <4004> rebounded. The company announced on the 1st that it has decided to reduce the workforce at its German domestic base for the graphite electrode business conducted by its grandchild company. Regarding the graphite electrode business, the company stated that the business environment has been severe due to sluggish demand trends and aggressive low-price sales by competitors, leading it to promote a series of rationalization measures globally, including facility closures. This time, it has decided to reduce the workforce at its German base in Europe to cut fixed costs. The company states that the costs and effects arising from the implementation of these measures are incorporated into the FY2025 earnings forecast based on certain assumptions, and there will be no change to the earnings outlook due to this resolution. As for the FY2026 earnings outlook, it has not yet been prepared, and the company plans to create guidance after incorporating the costs incurred and the cost reduction effects such as fixed costs. ★9:04 Mitsukoshi Isetan - Falls back; November domestic department store sales up 0.6%, domestic group department stores down 1.1%. Mitsukoshi Isetan Holdings <3099> fell back. The company announced on the 1st that its domestic department store sales for November, on a preliminary basis, increased by 0.6% year-on-year. Of these, Mitsukoshi Isetan's sales increased by 1.4%, while domestic group department stores saw a 1.1% decrease. With the drop in temperature, seasonal items such as coats, sweaters, and blousons made of high-quality materials like cashmere performed strongly. Furthermore, high-priced watches, where the company has strong product supply capabilities, saw growth among both domestic and international customers. ★9:04 Panasonic HD - Firm; Aims to quadruple sales of data center energy storage devices to 800 billion yen scale = Nikkei. Panasonic Holdings <6752> remained firm. The Nikkei Shimbun morning edition dated the 2nd reported that Panasonic Energy, a subsidiary of the company, aims to increase sales of energy storage systems for data centers to 800 billion yen by FY2028, quadrupling current sales. According to the article, the company's sales of energy storage systems for data centers in the fiscal year ending March 2025 were slightly less than 200 billion yen, and are expected to expand 1.7 times year-on-year in the fiscal year ending March 2026. To meet the robust demand for data centers, the company plans to reallocate some production capacity from its domestic and international factories that manufacture batteries for EVs. ★9:05 H2O Retailing - Trading flat; November department store total sales up 3.6%. H2O Retailing <8242> traded flat. The company announced on the 1st that its total department store sales for November, on a preliminary basis, increased by 3.6% year-on-year. Sales at urban stores, suburban stores, and all stores combined all exceeded the previous year's figures. While duty-free sales to Chinese customers exceeded the previous year on a monthly basis, the company stated that sales to tourist customers other than overseas VIPs significantly fell below the previous year in the latter half of November, decreasing by approximately 20%, partly due to rising tensions in Japan-China relations. ★9:05 Takashimaya - Trading flat; November domestic department store sales up 3.5%. Takashimaya <8233> traded flat. The company announced on the 1st that its domestic department store sales for November (preliminary figures) increased by 3.5% year-on-year. Duty-free sales decreased by 3.1%. Domestic customers showed movement in winter clothing such as coats due to the drop in temperature. For inbound customers, cosmetics and women's clothing saw positive growth compared to the previous year, while high-priced items, including luxury brands, saw negative growth. ★9:05 Yonex - Tokai Tokyo raises target price; Brand recognition improves, strong performance expected to continue. Yonex <7906> rebounded for the first time in four days. Tokai Tokyo Intelligence Lab expects brand recognition to improve and strong performance to continue. It maintained its ""Outperform"" rating and raised its target price from 3,200 yen to 4,000 yen. The company's performance for the first half of the fiscal year ending March 2026 (April-September) showed double-digit increases in both revenue and operating profit year-on-year, with sales of 79.5 billion yen (up 18.8% year-on-year) and operating profit of 8.8 billion yen (up 15.0% year-on-year). Tokai Tokyo revised upward its earnings forecasts for the fiscal years ending March 2026 to March 2028. It anticipates growth in badminton products, particularly in Asia, and an increase in tennis products globally, believing that the stock price has not fully factored in the solid medium-to-long-term performance trend. Hatao",0,
Renesas Electronics Corporation,RNECY,6723,TOPIX,"Nikkei Average rose by about 340 yen, top gainers among constituent stocks include Screen, Renesas, Taiyo Yuden, etc.","Renesas Electronics Corporation was listed among the top gainers within the Nikkei 225 constituent stocks. The article primarily reported on the Nikkei 225 stock average's performance, which saw an increase of approximately 340 yen from the previous day's close.","The Nikkei 225 index was up by approximately 340 yen, trading around 49,640 yen.;The index initially extended gains by 478 yen 35 sen to 49,781 yen 80 sen before encountering selling pressure.;Top performing stocks included Screen Holdings, Renesas Electronics, Taiyo Yuden, Lasertec, and Mitsui Mining & Smelting.;Major decliners included Aeon, Nitori Holdings, Daiichi Sankyo, Osaka Gas, and JR East.;The dollar-yen exchange rate was around 155 yen 60 sen, indicating a slight yen appreciation.",3-Dec,11:07,breaking,"The article reports real-time market movements and specific stock performance on a particular day, using precise time markers like '11:00 AM on the 3rd' and '9:03 AM', indicating newly happened events.",ウエルスアドバイザー,ウエルスアドバイザー,INSIGNIFICANT,HIGH,"The article is a general market update that mentions Renesas Electronics as one of several top-gaining stocks on a specific day. It provides no company-specific news, events, or reasons for Renesas's stock movement, thus lacking actionable intelligence for trading purposes related to Renesas.","Multi-company consolidation: Renesas is one of many companies listed in a general market overview., Lack of company-specific information: No details are provided about Renesas's operations, financial performance, or any specific events that would explain its stock movement., Generic market update: The article focuses on the overall Nikkei 225 index performance rather than individual company analysis., No actionable intelligence: Simply observing a stock's daily movement without underlying reasons does not provide a basis for trading decisions.",0.8,Market Analysis,,日経平均は３４０円程度高、採用銘柄の値上がり率上位はスクリン、ルネサス、太陽誘電など,ja,en,https://finance.yahoo.co.jp/news/detail/2f5317acc52cea32a463f9a86a5f5d75a0433985,2025-12-03T05:06:36.054333,2025-12-03T05:09:13,gemini-2.5-flash,３日午前１１時すぎの日経平均株価は、前日比３４０円程度高い４万９６４０円近辺で推移する。午前９時３分には、同４７８円３５銭高の４万９７８１円８０銭まで上げ幅を広げる場面もみられた。その後は、戻り待ちの売りに上値を抑えられる格好にある。ドル・円相場は１ドル＝１５５円６０銭台と、朝方の水準からはやや円高方向にある。日経平均採用銘柄では、値上がり率の上位に、スクリン<7735>、ルネサス<6723>、太陽誘電<6976>、レーザーテク<6920>、三井金属<5706>などがランクイン。一方、値下がり率上位に、イオン<8267>、ニトリＨＤ<9843>、第一三共<4568>、大ガス<9532>、ＪＲ東日本<9020>が入っている。,"As of slightly past 11:00 AM on the 3rd, the Nikkei 225 stock average was trading around 49,640 yen, up by approximately 340 yen from the previous day's close. At 9:03 AM, it was seen extending its gains by 478 yen 35 sen to 49,781 yen 80 sen. Subsequently, it has been capped by selling pressure from those waiting for a rebound. The dollar-yen exchange rate is in the 155 yen 60 sen range per dollar, indicating a slight appreciation of the yen compared to morning levels. Among the Nikkei 225 constituent stocks, Screen Holdings <7735>, Renesas Electronics <6723>, Taiyo Yuden <6976>, Lasertec <6920>, Mitsui Mining & Smelting <5706>, and others are ranking among the top gainers. On the other hand, Aeon <8267>, Nitori Holdings <9843>, Daiichi Sankyo <4568>, Osaka Gas <9532>, and JR East <9020> are among the top decliners.",0,
Renesas Electronics Corporation,RNECY,6723,TOPIX,"Renesas --- continued to rise significantly, following reports that a US company is in talks to acquire its timing business","Renesas' stock sharply rallied following reports that US-based SiTime is in talks to acquire its timing business, a division that manufactures signal-generating devices for electronic circuits. This potential acquisition, which could value the business at up to $2 billion including debt, appears to be driving the increase in Renesas' stock value.","Renesas' stock experienced a sharp rally due to acquisition rumors.;US-based SiTime is reportedly in talks to acquire Renesas' timing business.;The timing business is crucial for generating signals in electronic circuits.;The potential transaction terms are under discussion, with a valuation possibly reaching $2 billion, including debt.;The news of the potential acquisition is positively impacting Renesas' stock performance.",3-Dec,10:52,breaking,"The article primarily reports on newly revealed information about potential acquisition talks and ongoing discussions, which constitutes a newly happened event.",フィスコ,株式会社フィスコ,SIGNIFICANT,HIGH,"The article reports on a potential acquisition of Renesas' timing business by SiTime, valued at up to $2 billion. This M&A activity is a concrete, company-specific event that has already caused a sharp rally in Renesas' stock, providing clear actionable intelligence for traders.","Potential M&A activity (divestiture of timing business), Significant valuation of up to $2 billion for the business unit, Direct positive impact on Renesas' stock price (sharp rally observed), Company-specific and timely information regarding strategic discussions",0.9,Corporate Strategy,"Traders could consider the potential for increased shareholder value from the divestiture, the strategic implications for Renesas' future focus, or the immediate positive stock price reaction as a trading signal, potentially leading to a long position or monitoring for further developments.",ルネサス---大幅続伸、米社がタイミング事業の買収に向け協議と伝わり,ja,en,https://finance.yahoo.co.jp/news/detail/0920d72f95d043b40dff9deacf98906754f7f9de,2025-12-03T05:06:46.118960,2025-12-03T05:09:21,gemini-2.5-flash,ルネサス<6723>は大幅続伸。米SiTimeが同社のタイミング事業買収に向けて協議を進めていると一部で報じられている。タイミング事業は、電子回路が正常に機能するための信号を発生させるデバイスなどを製造する部門。現在、買収に向けた潜在的な取引条件を協議中とされている。債務を含めた同事業の評価額は最大20億ドルに達する可能性があるとされ、同社株の価値上昇につながっているようだ。,"Renesas <6723> sharply rallied. It is reported by some sources that US-based SiTime is in talks to acquire Renesas' timing business. The timing business is a division that manufactures devices, etc., that generate signals for electronic circuits to function properly. Currently, potential transaction terms for the acquisition are said to be under discussion. It is said that the valuation of the business, including debt, could reach up to $2 billion, which appears to be leading to an increase in the company's stock value.",0,